id,category
879.jpg,waterguava
4286.jpg,jackfruit
3741.jpg,dragonfruit
2803.jpg,papaya
3032.jpg,taro
156.jpg,vanilla
1924.jpg,dragonfruit
1594.jpg,starfruit
2430.jpg,zodia
1596.jpg,whitepepper
4092.jpg,cinnamon
4295.jpg,passiflora
912.jpg,dragonfruit
2168.jpg,nilam
433.jpg,nilam
595.jpg,cinnamon
1388.jpg,mango
3313.jpg,papaya
1041.jpg,vanilla
1749.jpg,lychee
2553.jpg,banana
1204.jpg,sawo
2933.jpg,banana
2203.jpg,banana
1862.jpg,nilam
572.jpg,snakefruit
2768.jpg,snakefruit
1306.jpg,guava
3835.jpg,vanilla
2969.jpg,coffeearabica
3378.jpg,nilam
2057.jpg,jackfruit
143.jpg,cinnamon
334.jpg,lychee
2353.jpg,papaya
2831.jpg,lychee
3491.jpg,frangipani
271.jpg,cacao
1623.jpg,nilam
1618.jpg,cacao
651.jpg,frangipani
4607.jpg,frangipani
1741.jpg,dragonfruit
4231.jpg,mango
2300.jpg,sugarpalm
3314.jpg,suweg
2213.jpg,frangipani
831.jpg,frangipani
989.jpg,lychee
3655.jpg,whitepepper
978.jpg,sawo
2015.jpg,bamboo
796.jpg,durian
3507.jpg,mangosteen
3817.jpg,durian
488.jpg,bamboo
3235.jpg,sugarpalm
1181.jpg,cinnamon
4366.jpg,frangipani
4393.jpg,mango
3919.jpg,sugarpalm
3286.jpg,waterguava
1744.jpg,cinnamon
2548.jpg,taro
1298.jpg,coffeearabica
2955.jpg,sawo
3279.jpg,durian
679.jpg,jackfruit
4411.jpg,zodia
2710.jpg,dragonfruit
4346.jpg,bamboo
409.jpg,coffeearabica
1003.jpg,taro
4564.jpg,passiflora
3277.jpg,durian
3147.jpg,guava
280.jpg,waterguava
2540.jpg,snakefruit
3475.jpg,starfruit
1796.jpg,cacao
581.jpg,starfruit
1133.jpg,snakefruit
285.jpg,dragonfruit
2814.jpg,mango
4455.jpg,coffeearabica
1266.jpg,waterguava
1407.jpg,papaya
2080.jpg,cacao
1099.jpg,bamboo
3069.jpg,starfruit
1732.jpg,bamboo
3157.jpg,whitepepper
485.jpg,jackfruit
3734.jpg,taro
968.jpg,durian
2569.jpg,vanilla
1044.jpg,starfruit
1389.jpg,durian
2347.jpg,vanilla
547.jpg,vanilla
3427.jpg,suweg
3396.jpg,guava
999.jpg,jackfruit
1852.jpg,bamboo
2004.jpg,cacao
3117.jpg,cinnamon
8.jpg,bamboo
3779.jpg,passiflora
3355.jpg,sawo
3628.jpg,zodia
2349.jpg,mango
2632.jpg,lychee
3516.jpg,mango
3256.jpg,whitepepper
2616.jpg,guava
3932.jpg,taro
1100.jpg,dragonfruit
2306.jpg,snakefruit
2177.jpg,suweg
761.jpg,frangipani
1102.jpg,bamboo
2.jpg,dragonfruit
3331.jpg,guava
1505.jpg,banana
2562.jpg,sawo
865.jpg,waterguava
3061.jpg,lychee
2985.jpg,lychee
4116.jpg,guava
2108.jpg,coffeearabica
3729.jpg,lychee
158.jpg,mangosteen
2247.jpg,mangosteen
1212.jpg,durian
2392.jpg,durian
1332.jpg,frangipani
3255.jpg,jackfruit
1072.jpg,snakefruit
3000.jpg,taro
2435.jpg,sawo
4186.jpg,whitepepper
3238.jpg,jackfruit
4120.jpg,nilam
3555.jpg,frangipani
4235.jpg,whitepepper
1878.jpg,bamboo
1888.jpg,durian
3961.jpg,zodia
4144.jpg,waterguava
4185.jpg,sawo
1428.jpg,bamboo
3050.jpg,bamboo
3989.jpg,jackfruit
2779.jpg,whitepepper
1167.jpg,passiflora
1270.jpg,vanilla
1569.jpg,coffeearabica
1151.jpg,taro
4085.jpg,passiflora
2889.jpg,durian
3975.jpg,durian
3317.jpg,durian
2019.jpg,whitepepper
2159.jpg,guava
4310.jpg,cinnamon
1602.jpg,nilam
755.jpg,starfruit
2338.jpg,vanilla
684.jpg,starfruit
4469.jpg,coffeearabica
2154.jpg,bamboo
583.jpg,banana
343.jpg,dragonfruit
1346.jpg,passiflora
1127.jpg,dragonfruit
1615.jpg,whitepepper
4123.jpg,dragonfruit
3874.jpg,coffeearabica
888.jpg,frangipani
585.jpg,mango
752.jpg,starfruit
3097.jpg,cacao
858.jpg,starfruit
4197.jpg,cacao
4401.jpg,coffeearabica
328.jpg,banana
3092.jpg,durian
3373.jpg,snakefruit
80.jpg,passiflora
2166.jpg,taro
749.jpg,mangosteen
2416.jpg,frangipani
528.jpg,cinnamon
4610.jpg,durian
4152.jpg,waterguava
2859.jpg,whitepepper
1593.jpg,guava
4558.jpg,mango
897.jpg,mangosteen
210.jpg,durian
3727.jpg,banana
628.jpg,sawo
1328.jpg,cinnamon
2691.jpg,jackfruit
3252.jpg,lychee
435.jpg,durian
3959.jpg,starfruit
4148.jpg,sugarpalm
1714.jpg,waterguava
4315.jpg,frangipani
1284.jpg,frangipani
1898.jpg,suweg
2849.jpg,guava
1478.jpg,papaya
832.jpg,jackfruit
3781.jpg,frangipani
2237.jpg,papaya
126.jpg,passiflora
4492.jpg,bamboo
691.jpg,bamboo
551.jpg,dragonfruit
4304.jpg,lychee
3145.jpg,cinnamon
3037.jpg,taro
1977.jpg,sugarpalm
1357.jpg,papaya
843.jpg,snakefruit
1264.jpg,sawo
4207.jpg,passiflora
603.jpg,whitepepper
2055.jpg,lychee
68.jpg,jackfruit
1643.jpg,lychee
948.jpg,nilam
4301.jpg,jackfruit
3757.jpg,mango
275.jpg,mangosteen
2088.jpg,banana
3296.jpg,jackfruit
1179.jpg,taro
2091.jpg,whitepepper
1988.jpg,coffeearabica
384.jpg,sugarpalm
2505.jpg,nilam
3603.jpg,durian
795.jpg,cacao
746.jpg,bamboo
3830.jpg,whitepepper
230.jpg,taro
3879.jpg,vanilla
2211.jpg,starfruit
3983.jpg,mangosteen
1187.jpg,sugarpalm
3162.jpg,waterguava
3531.jpg,mango
4377.jpg,jackfruit
4369.jpg,sawo
1380.jpg,bamboo
3898.jpg,mango
862.jpg,zodia
3922.jpg,vanilla
4459.jpg,papaya
560.jpg,suweg
2316.jpg,cinnamon
3716.jpg,mango
772.jpg,nilam
3226.jpg,sawo
1159.jpg,banana
2928.jpg,mangosteen
2649.jpg,vanilla
2005.jpg,zodia
2894.jpg,papaya
1801.jpg,dragonfruit
1691.jpg,frangipani
4327.jpg,cinnamon
4013.jpg,waterguava
3546.jpg,nilam
4424.jpg,zodia
3419.jpg,durian
2910.jpg,taro
4040.jpg,papaya
3428.jpg,starfruit
3264.jpg,cacao
2747.jpg,sugarpalm
3720.jpg,mango
2953.jpg,suweg
840.jpg,nilam
1406.jpg,starfruit
1460.jpg,lychee
2120.jpg,coffeearabica
414.jpg,starfruit
3351.jpg,durian
289.jpg,mangosteen
3266.jpg,waterguava
1520.jpg,starfruit
3457.jpg,papaya
2929.jpg,waterguava
2342.jpg,vanilla
1982.jpg,starfruit
992.jpg,nilam
2084.jpg,banana
1629.jpg,whitepepper
378.jpg,starfruit
3608.jpg,taro
3149.jpg,coffeearabica
1905.jpg,snakefruit
759.jpg,cacao
3171.jpg,banana
4352.jpg,mangosteen
2717.jpg,waterguava
1674.jpg,frangipani
821.jpg,lychee
2918.jpg,mangosteen
3799.jpg,vanilla
2373.jpg,banana
66.jpg,zodia
4415.jpg,starfruit
159.jpg,taro
1906.jpg,durian
2198.jpg,jackfruit
3784.jpg,banana
1445.jpg,mangosteen
2734.jpg,vanilla
4597.jpg,banana
3455.jpg,sawo
3270.jpg,jackfruit
596.jpg,sugarpalm
218.jpg,passiflora
1581.jpg,lychee
422.jpg,mangosteen
990.jpg,waterguava
506.jpg,sawo
2428.jpg,sugarpalm
4283.jpg,jackfruit
2686.jpg,cacao
1472.jpg,guava
4077.jpg,durian
342.jpg,zodia
1499.jpg,zodia
536.jpg,suweg
232.jpg,waterguava
542.jpg,taro
3861.jpg,durian
3310.jpg,mangosteen
708.jpg,durian
4449.jpg,mango
3474.jpg,papaya
918.jpg,lychee
604.jpg,waterguava
4512.jpg,sawo
2186.jpg,durian
3043.jpg,cacao
725.jpg,whitepepper
3315.jpg,mangosteen
3221.jpg,dragonfruit
893.jpg,dragonfruit
1122.jpg,suweg
828.jpg,sawo
3847.jpg,guava
681.jpg,cacao
2672.jpg,snakefruit
90.jpg,jackfruit
539.jpg,taro
3776.jpg,mangosteen
4233.jpg,banana
4341.jpg,bamboo
2174.jpg,sawo
3765.jpg,durian
657.jpg,mango
3228.jpg,zodia
2207.jpg,suweg
2972.jpg,durian
1321.jpg,vanilla
2025.jpg,cinnamon
500.jpg,frangipani
1561.jpg,suweg
206.jpg,nilam
908.jpg,sawo
3001.jpg,cinnamon
1703.jpg,nilam
1169.jpg,waterguava
1866.jpg,zodia
324.jpg,papaya
833.jpg,guava
2377.jpg,snakefruit
851.jpg,banana
380.jpg,dragonfruit
3823.jpg,vanilla
626.jpg,vanilla
605.jpg,jackfruit
4038.jpg,mangosteen
3575.jpg,bamboo
3021.jpg,cinnamon
443.jpg,dragonfruit
3659.jpg,durian
1892.jpg,bamboo
3233.jpg,guava
2294.jpg,sawo
1708.jpg,frangipani
3635.jpg,mangosteen
3259.jpg,vanilla
2303.jpg,papaya
1007.jpg,nilam
416.jpg,sawo
114.jpg,frangipani
3851.jpg,lychee
16.jpg,coffeearabica
1136.jpg,dragonfruit
1782.jpg,waterguava
263.jpg,mangosteen
1662.jpg,dragonfruit
1450.jpg,banana
2638.jpg,waterguava
766.jpg,mangosteen
99.jpg,waterguava
4460.jpg,durian
4.jpg,papaya
1820.jpg,cinnamon
1153.jpg,waterguava
4333.jpg,nilam
3733.jpg,sawo
3195.jpg,taro
185.jpg,dragonfruit
3742.jpg,cacao
4270.jpg,papaya
3015.jpg,papaya
2901.jpg,guava
4322.jpg,taro
2705.jpg,frangipani
389.jpg,papaya
2923.jpg,passiflora
1218.jpg,zodia
3876.jpg,lychee
3911.jpg,frangipani
582.jpg,sugarpalm
2785.jpg,snakefruit
2916.jpg,jackfruit
1950.jpg,coffeearabica
17.jpg,vanilla
4552.jpg,taro
3100.jpg,starfruit
2729.jpg,cinnamon
654.jpg,guava
3582.jpg,lychee
3673.jpg,frangipani
258.jpg,lychee
1285.jpg,dragonfruit
1583.jpg,suweg
2757.jpg,passiflora
1941.jpg,banana
2828.jpg,sawo
438.jpg,starfruit
1897.jpg,snakefruit
1928.jpg,vanilla
4074.jpg,whitepepper
2507.jpg,jackfruit
4354.jpg,starfruit
3056.jpg,mangosteen
526.jpg,frangipani
4544.jpg,papaya
2941.jpg,snakefruit
119.jpg,nilam
3254.jpg,passiflora
2805.jpg,waterguava
1957.jpg,zodia
1781.jpg,durian
3549.jpg,jackfruit
2064.jpg,mangosteen
469.jpg,vanilla
634.jpg,whitepepper
1836.jpg,frangipani
844.jpg,starfruit
2360.jpg,guava
3657.jpg,coffeearabica
3484.jpg,whitepepper
841.jpg,durian
1909.jpg,lychee
4598.jpg,waterguava
930.jpg,taro
956.jpg,passiflora
2665.jpg,vanilla
3496.jpg,durian
3121.jpg,starfruit
3972.jpg,jackfruit
4203.jpg,waterguava
129.jpg,durian
1473.jpg,vanilla
2984.jpg,waterguava
3183.jpg,nilam
3359.jpg,dragonfruit
1475.jpg,jackfruit
3300.jpg,dragonfruit
3634.jpg,lychee
1277.jpg,cinnamon
56.jpg,vanilla
291.jpg,vanilla
2767.jpg,papaya
2709.jpg,bamboo
1314.jpg,guava
733.jpg,cinnamon
3721.jpg,cacao
3500.jpg,coffeearabica
2502.jpg,mangosteen
31.jpg,frangipani
4356.jpg,coffeearabica
1479.jpg,starfruit
1158.jpg,whitepepper
3711.jpg,durian
1205.jpg,suweg
82.jpg,mangosteen
1967.jpg,suweg
4444.jpg,mango
4456.jpg,jackfruit
1903.jpg,coffeearabica
1611.jpg,taro
2119.jpg,frangipani
1895.jpg,papaya
2773.jpg,zodia
4175.jpg,coffeearabica
2418.jpg,guava
4483.jpg,nilam
2029.jpg,durian
1960.jpg,zodia
1943.jpg,vanilla
3011.jpg,sawo
3213.jpg,guava
4308.jpg,coffeearabica
1171.jpg,jackfruit
1365.jpg,lychee
3658.jpg,papaya
3217.jpg,suweg
3569.jpg,suweg
472.jpg,waterguava
2489.jpg,mangosteen
4314.jpg,nilam
2911.jpg,suweg
1899.jpg,mangosteen
2987.jpg,guava
3522.jpg,bamboo
1702.jpg,sugarpalm
2791.jpg,cacao
2621.jpg,cinnamon
1537.jpg,mangosteen
813.jpg,whitepepper
4511.jpg,guava
1750.jpg,snakefruit
3590.jpg,dragonfruit
960.jpg,guava
804.jpg,vanilla
3988.jpg,lychee
3467.jpg,jackfruit
1131.jpg,whitepepper
740.jpg,coffeearabica
3407.jpg,mango
3810.jpg,passiflora
1237.jpg,vanilla
388.jpg,banana
4053.jpg,cacao
2439.jpg,frangipani
4111.jpg,suweg
2483.jpg,mango
3591.jpg,nilam
2611.jpg,papaya
3556.jpg,whitepepper
958.jpg,mangosteen
589.jpg,jackfruit
3754.jpg,vanilla
2989.jpg,durian
520.jpg,sugarpalm
1459.jpg,guava
4012.jpg,passiflora
2081.jpg,snakefruit
3129.jpg,zodia
1886.jpg,guava
1707.jpg,snakefruit
26.jpg,jackfruit
1799.jpg,guava
1747.jpg,nilam
1588.jpg,whitepepper
2301.jpg,coffeearabica
2448.jpg,durian
2837.jpg,jackfruit
1908.jpg,frangipani
84.jpg,papaya
1079.jpg,sawo
2089.jpg,frangipani
2506.jpg,papaya
1174.jpg,banana
1790.jpg,suweg
1681.jpg,mango
3828.jpg,suweg
3135.jpg,durian
1418.jpg,mango
2311.jpg,lychee
3897.jpg,bamboo
3417.jpg,taro
2469.jpg,bamboo
696.jpg,passiflora
615.jpg,whitepepper
406.jpg,sawo
205.jpg,lychee
1461.jpg,guava
1074.jpg,suweg
884.jpg,zodia
1290.jpg,zodia
1477.jpg,papaya
3647.jpg,frangipani
545.jpg,vanilla
3797.jpg,snakefruit
1717.jpg,lychee
4380.jpg,zodia
3158.jpg,guava
4477.jpg,frangipani
607.jpg,lychee
4003.jpg,frangipani
2400.jpg,taro
1252.jpg,coffeearabica
2680.jpg,sugarpalm
4052.jpg,taro
4563.jpg,jackfruit
3257.jpg,bamboo
3191.jpg,bamboo
4193.jpg,starfruit
1918.jpg,dragonfruit
600.jpg,bamboo
2826.jpg,durian
3150.jpg,snakefruit
3698.jpg,frangipani
3385.jpg,mangosteen
340.jpg,snakefruit
2141.jpg,durian
2260.jpg,mangosteen
2762.jpg,cacao
1339.jpg,cacao
1642.jpg,guava
2793.jpg,coffeearabica
2218.jpg,mango
1805.jpg,waterguava
3163.jpg,coffeearabica
2110.jpg,banana
1216.jpg,cinnamon
1364.jpg,durian
2254.jpg,taro
3007.jpg,vanilla
2312.jpg,sugarpalm
1448.jpg,guava
801.jpg,starfruit
2217.jpg,whitepepper
1335.jpg,snakefruit
313.jpg,suweg
1457.jpg,cacao
1163.jpg,dragonfruit
4624.jpg,banana
1054.jpg,guava
2143.jpg,suweg
2230.jpg,jackfruit
1777.jpg,mangosteen
3159.jpg,jackfruit
15.jpg,dragonfruit
1196.jpg,suweg
2006.jpg,papaya
1148.jpg,guava
3839.jpg,starfruit
1359.jpg,vanilla
3793.jpg,frangipani
3405.jpg,guava
4533.jpg,durian
508.jpg,starfruit
3719.jpg,passiflora
1523.jpg,dragonfruit
1990.jpg,starfruit
241.jpg,dragonfruit
3002.jpg,frangipani
2024.jpg,waterguava
4389.jpg,durian
2752.jpg,frangipani
671.jpg,papaya
3532.jpg,jackfruit
144.jpg,jackfruit
703.jpg,vanilla
3855.jpg,cinnamon
1565.jpg,jackfruit
113.jpg,passiflora
4485.jpg,dragonfruit
3895.jpg,passiflora
88.jpg,whitepepper
2111.jpg,papaya
661.jpg,jackfruit
4330.jpg,lychee
1766.jpg,banana
2000.jpg,bamboo
256.jpg,sawo
2863.jpg,lychee
3059.jpg,snakefruit
741.jpg,starfruit
4288.jpg,starfruit
3785.jpg,snakefruit
690.jpg,cinnamon
1361.jpg,cinnamon
2678.jpg,durian
2335.jpg,cinnamon
1470.jpg,frangipani
2021.jpg,lychee
4613.jpg,bamboo
1272.jpg,snakefruit
2223.jpg,whitepepper
4410.jpg,mango
1984.jpg,whitepepper
3403.jpg,durian
4566.jpg,lychee
4599.jpg,coffeearabica
3602.jpg,zodia
1913.jpg,mangosteen
1231.jpg,zodia
4180.jpg,cacao
629.jpg,bamboo
685.jpg,durian
1939.jpg,snakefruit
638.jpg,banana
4166.jpg,jackfruit
4016.jpg,lychee
3577.jpg,jackfruit
3445.jpg,lychee
1173.jpg,papaya
3788.jpg,guava
3837.jpg,cacao
482.jpg,nilam
1721.jpg,vanilla
1419.jpg,sawo
502.jpg,nilam
2610.jpg,waterguava
2971.jpg,papaya
2329.jpg,sugarpalm
374.jpg,sugarpalm
794.jpg,nilam
4546.jpg,durian
1655.jpg,suweg
1954.jpg,dragonfruit
789.jpg,nilam
3212.jpg,cinnamon
3281.jpg,suweg
558.jpg,mango
1753.jpg,waterguava
4089.jpg,vanilla
4158.jpg,bamboo
1620.jpg,guava
3434.jpg,starfruit
2144.jpg,taro
2287.jpg,mangosteen
2056.jpg,suweg
1578.jpg,waterguava
1671.jpg,dragonfruit
4216.jpg,passiflora
2383.jpg,suweg
2112.jpg,suweg
3081.jpg,zodia
4440.jpg,zodia
3492.jpg,starfruit
922.jpg,guava
2884.jpg,jackfruit
3654.jpg,jackfruit
1006.jpg,sawo
1525.jpg,nilam
2348.jpg,frangipani
3038.jpg,sugarpalm
1874.jpg,zodia
4438.jpg,jackfruit
3767.jpg,starfruit
2046.jpg,zodia
3675.jpg,banana
60.jpg,guava
2481.jpg,starfruit
466.jpg,whitepepper
1024.jpg,jackfruit
3130.jpg,taro
1614.jpg,mango
736.jpg,sawo
2843.jpg,dragonfruit
1405.jpg,waterguava
1622.jpg,jackfruit
544.jpg,banana
2047.jpg,banana
3297.jpg,snakefruit
3196.jpg,mangosteen
1028.jpg,sugarpalm
203.jpg,nilam
1147.jpg,guava
3560.jpg,papaya
2951.jpg,lychee
3648.jpg,mango
1360.jpg,coffeearabica
4524.jpg,cacao
2625.jpg,nilam
2053.jpg,sawo
327.jpg,whitepepper
2903.jpg,coffeearabica
6.jpg,suweg
3554.jpg,guava
1915.jpg,vanilla
4061.jpg,sugarpalm
3623.jpg,jackfruit
1494.jpg,guava
3971.jpg,banana
1778.jpg,vanilla
3614.jpg,vanilla
4168.jpg,mangosteen
848.jpg,dragonfruit
4447.jpg,bamboo
2272.jpg,durian
2789.jpg,dragonfruit
2555.jpg,jackfruit
2512.jpg,snakefruit
2575.jpg,sawo
103.jpg,papaya
4149.jpg,durian
4065.jpg,starfruit
4024.jpg,bamboo
4461.jpg,dragonfruit
2394.jpg,suweg
3225.jpg,jackfruit
4451.jpg,guava
977.jpg,bamboo
3388.jpg,papaya
162.jpg,mango
1119.jpg,passiflora
4608.jpg,jackfruit
2424.jpg,dragonfruit
2906.jpg,suweg
898.jpg,mango
419.jpg,nilam
1791.jpg,jackfruit
618.jpg,coffeearabica
3353.jpg,sugarpalm
1397.jpg,snakefruit
4472.jpg,starfruit
1925.jpg,starfruit
3438.jpg,taro
2487.jpg,mangosteen
3512.jpg,coffeearabica
3085.jpg,mango
822.jpg,vanilla
1969.jpg,lychee
2156.jpg,mangosteen
2998.jpg,banana
2201.jpg,bamboo
412.jpg,cacao
2061.jpg,cinnamon
3448.jpg,lychee
637.jpg,dragonfruit
2976.jpg,jackfruit
1986.jpg,mangosteen
3568.jpg,waterguava
981.jpg,bamboo
1767.jpg,starfruit
1229.jpg,zodia
2891.jpg,durian
1513.jpg,durian
4189.jpg,dragonfruit
3104.jpg,mango
3801.jpg,whitepepper
855.jpg,jackfruit
1123.jpg,dragonfruit
3036.jpg,dragonfruit
3138.jpg,frangipani
219.jpg,taro
183.jpg,taro
944.jpg,dragonfruit
3429.jpg,waterguava
909.jpg,taro
3597.jpg,banana
1029.jpg,guava
215.jpg,guava
904.jpg,dragonfruit
676.jpg,waterguava
2689.jpg,frangipani
3923.jpg,mangosteen
1929.jpg,banana
2820.jpg,snakefruit
1467.jpg,mango
2351.jpg,suweg
739.jpg,waterguava
2477.jpg,whitepepper
4471.jpg,guava
1128.jpg,sugarpalm
1005.jpg,dragonfruit
2172.jpg,guava
648.jpg,guava
731.jpg,mango
4201.jpg,bamboo
2598.jpg,banana
4583.jpg,passiflora
58.jpg,papaya
298.jpg,durian
1951.jpg,passiflora
3210.jpg,papaya
1019.jpg,bamboo
3807.jpg,waterguava
2035.jpg,cacao
4284.jpg,waterguava
1295.jpg,passiflora
1239.jpg,durian
3192.jpg,frangipani
2067.jpg,waterguava
1157.jpg,taro
4177.jpg,jackfruit
111.jpg,sugarpalm
4528.jpg,vanilla
2412.jpg,mangosteen
2873.jpg,whitepepper
1959.jpg,guava
1958.jpg,starfruit
2145.jpg,durian
959.jpg,waterguava
4294.jpg,banana
4178.jpg,guava
3471.jpg,dragonfruit
767.jpg,nilam
1590.jpg,taro
4537.jpg,sugarpalm
4321.jpg,nilam
3449.jpg,waterguava
3506.jpg,starfruit
791.jpg,passiflora
1096.jpg,starfruit
4320.jpg,durian
3610.jpg,banana
348.jpg,papaya
3709.jpg,durian
3101.jpg,vanilla
4195.jpg,jackfruit
37.jpg,mangosteen
2662.jpg,waterguava
1292.jpg,papaya
3292.jpg,mangosteen
2514.jpg,whitepepper
854.jpg,sawo
4542.jpg,jackfruit
1608.jpg,sawo
3694.jpg,nilam
580.jpg,suweg
4083.jpg,waterguava
320.jpg,cinnamon
4487.jpg,cacao
4242.jpg,waterguava
13.jpg,passiflora
1075.jpg,coffeearabica
1323.jpg,suweg
85.jpg,zodia
3952.jpg,sugarpalm
1808.jpg,sugarpalm
4530.jpg,mangosteen
4244.jpg,guava
4405.jpg,mangosteen
2817.jpg,bamboo
4109.jpg,papaya
4155.jpg,durian
424.jpg,nilam
1547.jpg,dragonfruit
1517.jpg,mango
2821.jpg,starfruit
3268.jpg,waterguava
3444.jpg,whitepepper
2725.jpg,vanilla
2798.jpg,banana
4383.jpg,jackfruit
846.jpg,durian
553.jpg,mango
75.jpg,mangosteen
189.jpg,guava
1002.jpg,vanilla
2642.jpg,jackfruit
4287.jpg,cacao
1490.jpg,zodia
1811.jpg,nilam
29.jpg,sawo
870.jpg,jackfruit
1466.jpg,nilam
4590.jpg,dragonfruit
2473.jpg,vanilla
238.jpg,starfruit
2979.jpg,jackfruit
1474.jpg,cacao
3912.jpg,vanilla
2082.jpg,waterguava
1910.jpg,waterguava
3601.jpg,taro
3229.jpg,waterguava
1679.jpg,frangipani
598.jpg,cinnamon
4535.jpg,banana
47.jpg,passiflora
2328.jpg,frangipani
715.jpg,suweg
2475.jpg,guava
2833.jpg,banana
157.jpg,starfruit
3356.jpg,sugarpalm
548.jpg,waterguava
148.jpg,guava
3040.jpg,papaya
2499.jpg,banana
1528.jpg,frangipani
3770.jpg,bamboo
949.jpg,whitepepper
3543.jpg,durian
4037.jpg,durian
2041.jpg,sawo
556.jpg,cacao
195.jpg,starfruit
709.jpg,mango
613.jpg,vanilla
4041.jpg,passiflora
464.jpg,durian
4407.jpg,papaya
1347.jpg,mangosteen
4214.jpg,frangipani
2963.jpg,mangosteen
2386.jpg,guava
1155.jpg,frangipani
1843.jpg,snakefruit
2855.jpg,sawo
3016.jpg,dragonfruit
2175.jpg,frangipani
565.jpg,whitepepper
2810.jpg,jackfruit
2490.jpg,zodia
2460.jpg,passiflora
4191.jpg,mango
4150.jpg,zodia
1135.jpg,mangosteen
3791.jpg,sugarpalm
483.jpg,guava
1934.jpg,mangosteen
1064.jpg,banana
1964.jpg,dragonfruit
1527.jpg,banana
1442.jpg,coffeearabica
2800.jpg,durian
161.jpg,lychee
347.jpg,mangosteen
2395.jpg,waterguava
3463.jpg,guava
2184.jpg,passiflora
3579.jpg,dragonfruit
3450.jpg,bamboo
3369.jpg,jackfruit
3599.jpg,bamboo
2716.jpg,guava
1650.jpg,guava
3374.jpg,nilam
4422.jpg,sawo
1031.jpg,durian
1942.jpg,papaya
564.jpg,bamboo
3511.jpg,mangosteen
4601.jpg,starfruit
3435.jpg,zodia
4209.jpg,suweg
4488.jpg,nilam
286.jpg,coffeearabica
4331.jpg,coffeearabica
3094.jpg,suweg
4418.jpg,banana
3443.jpg,mango
805.jpg,durian
2165.jpg,waterguava
1965.jpg,vanilla
333.jpg,snakefruit
529.jpg,coffeearabica
1795.jpg,starfruit
2824.jpg,passiflora
3693.jpg,cacao
1993.jpg,whitepepper
4425.jpg,starfruit
3055.jpg,taro
4206.jpg,mango
1962.jpg,taro
3497.jpg,dragonfruit
1156.jpg,waterguava
3078.jpg,passiflora
4521.jpg,nilam
4523.jpg,whitepepper
1189.jpg,vanilla
91.jpg,jackfruit
4069.jpg,papaya
1875.jpg,whitepepper
1491.jpg,sawo
4179.jpg,cacao
2913.jpg,jackfruit
1493.jpg,waterguava
3127.jpg,mangosteen
498.jpg,whitepepper
4147.jpg,papaya
3834.jpg,vanilla
2589.jpg,guava
938.jpg,waterguava
666.jpg,banana
1760.jpg,guava
2236.jpg,durian
2619.jpg,papaya
2867.jpg,durian
1536.jpg,jackfruit
3563.jpg,cinnamon
3275.jpg,waterguava
1424.jpg,dragonfruit
3345.jpg,vanilla
1421.jpg,cacao
3525.jpg,frangipani
3574.jpg,bamboo
675.jpg,mango
370.jpg,banana
2531.jpg,nilam
928.jpg,cacao
2292.jpg,cacao
121.jpg,snakefruit
1224.jpg,durian
935.jpg,passiflora
2296.jpg,mangosteen
3205.jpg,papaya
52.jpg,dragonfruit
3815.jpg,vanilla
1774.jpg,suweg
3903.jpg,snakefruit
1302.jpg,whitepepper
2387.jpg,dragonfruit
138.jpg,cacao
364.jpg,papaya
3307.jpg,papaya
3970.jpg,waterguava
1066.jpg,banana
4481.jpg,coffeearabica
2007.jpg,zodia
3442.jpg,bamboo
863.jpg,jackfruit
1489.jpg,taro
1336.jpg,cacao
4213.jpg,passiflora
3616.jpg,frangipani
4340.jpg,snakefruit
3048.jpg,lychee
678.jpg,whitepepper
1600.jpg,bamboo
3156.jpg,snakefruit
732.jpg,guava
2044.jpg,guava
2735.jpg,mangosteen
4428.jpg,jackfruit
1963.jpg,starfruit
4130.jpg,papaya
4541.jpg,mangosteen
3070.jpg,nilam
1947.jpg,cinnamon
38.jpg,dragonfruit
2104.jpg,passiflora
700.jpg,starfruit
2095.jpg,durian
2309.jpg,lychee
4540.jpg,jackfruit
3294.jpg,jackfruit
268.jpg,frangipani
2640.jpg,banana
2720.jpg,frangipani
2051.jpg,suweg
351.jpg,snakefruit
4553.jpg,papaya
3334.jpg,durian
459.jpg,taro
72.jpg,suweg
336.jpg,taro
2794.jpg,bamboo
2879.jpg,passiflora
1855.jpg,coffeearabica
1787.jpg,sawo
4057.jpg,waterguava
1911.jpg,durian
50.jpg,sawo
1880.jpg,whitepepper
3141.jpg,jackfruit
240.jpg,guava
141.jpg,dragonfruit
2727.jpg,sawo
808.jpg,mango
1995.jpg,coffeearabica
4172.jpg,guava
3924.jpg,papaya
783.jpg,sawo
4347.jpg,jackfruit
2832.jpg,mango
1000.jpg,waterguava
2278.jpg,guava
3451.jpg,coffeearabica
1483.jpg,suweg
4291.jpg,dragonfruit
4307.jpg,taro
450.jpg,jackfruit
3981.jpg,taro
2459.jpg,mango
497.jpg,cacao
2215.jpg,banana
4072.jpg,waterguava
2381.jpg,cacao
1358.jpg,whitepepper
2692.jpg,vanilla
2466.jpg,lychee
793.jpg,jackfruit
934.jpg,dragonfruit
2271.jpg,sugarpalm
3441.jpg,cinnamon
2341.jpg,whitepepper
3678.jpg,jackfruit
3576.jpg,papaya
3178.jpg,sawo
1657.jpg,frangipani
2924.jpg,guava
2623.jpg,snakefruit
1469.jpg,sawo
55.jpg,durian
315.jpg,nilam
1605.jpg,papaya
3481.jpg,durian
1008.jpg,waterguava
2384.jpg,papaya
623.jpg,banana
331.jpg,nilam
299.jpg,vanilla
2874.jpg,banana
3808.jpg,suweg
993.jpg,passiflora
3170.jpg,passiflora
3901.jpg,dragonfruit
2588.jpg,taro
4257.jpg,mango
555.jpg,cacao
458.jpg,papaya
4397.jpg,durian
4274.jpg,starfruit
771.jpg,jackfruit
3303.jpg,sugarpalm
2646.jpg,waterguava
3042.jpg,sugarpalm
4622.jpg,jackfruit
1704.jpg,cacao
322.jpg,suweg
4454.jpg,passiflora
877.jpg,cinnamon
4096.jpg,durian
1518.jpg,cinnamon
2369.jpg,coffeearabica
390.jpg,starfruit
716.jpg,banana
3718.jpg,frangipani
4561.jpg,mango
2454.jpg,guava
1604.jpg,jackfruit
287.jpg,frangipani
3501.jpg,bamboo
599.jpg,bamboo
3611.jpg,jackfruit
2401.jpg,passiflora
924.jpg,sawo
3966.jpg,passiflora
4589.jpg,dragonfruit
2016.jpg,cacao
1839.jpg,durian
2968.jpg,taro
1579.jpg,cinnamon
3871.jpg,mangosteen
3342.jpg,durian
1337.jpg,mango
4280.jpg,frangipani
2333.jpg,suweg
916.jpg,sawo
4007.jpg,whitepepper
2114.jpg,frangipani
3524.jpg,whitepepper
2001.jpg,mango
2343.jpg,waterguava
972.jpg,suweg
2371.jpg,dragonfruit
4228.jpg,starfruit
901.jpg,whitepepper
3561.jpg,waterguava
191.jpg,banana
4448.jpg,passiflora
3621.jpg,starfruit
3939.jpg,taro
1788.jpg,jackfruit
756.jpg,dragonfruit
2298.jpg,cacao
3034.jpg,cinnamon
484.jpg,papaya
3153.jpg,guava
188.jpg,mangosteen
1636.jpg,starfruit
3528.jpg,starfruit
1785.jpg,cinnamon
2848.jpg,bamboo
198.jpg,sugarpalm
612.jpg,cacao
4114.jpg,snakefruit
1946.jpg,vanilla
3206.jpg,cacao
1435.jpg,jackfruit
3819.jpg,banana
4165.jpg,suweg
4182.jpg,passiflora
2228.jpg,snakefruit
515.jpg,sugarpalm
735.jpg,coffeearabica
3288.jpg,durian
3260.jpg,sawo
19.jpg,jackfruit
1220.jpg,vanilla
1983.jpg,guava
395.jpg,durian
4349.jpg,mangosteen
48.jpg,cinnamon
2123.jpg,guava
4602.jpg,dragonfruit
4501.jpg,mango
4539.jpg,cacao
3029.jpg,vanilla
1927.jpg,durian
358.jpg,whitepepper
695.jpg,dragonfruit
3193.jpg,zodia
4318.jpg,papaya
2220.jpg,starfruit
2775.jpg,guava
293.jpg,starfruit
2023.jpg,durian
3123.jpg,cacao
234.jpg,passiflora
1595.jpg,cinnamon
1454.jpg,dragonfruit
3446.jpg,sugarpalm
517.jpg,bamboo
4026.jpg,zodia
3677.jpg,frangipani
456.jpg,waterguava
3701.jpg,durian
2267.jpg,mango
1225.jpg,bamboo
620.jpg,jackfruit
3044.jpg,sugarpalm
441.jpg,taro
3327.jpg,coffeearabica
3415.jpg,guava
1885.jpg,papaya
4574.jpg,guava
74.jpg,papaya
561.jpg,lychee
2558.jpg,zodia
1011.jpg,guava
2062.jpg,durian
3764.jpg,whitepepper
4075.jpg,mangosteen
3545.jpg,frangipani
2464.jpg,nilam
45.jpg,banana
221.jpg,snakefruit
2009.jpg,sawo
3782.jpg,frangipani
680.jpg,papaya
4336.jpg,mango
2193.jpg,sugarpalm
2713.jpg,jackfruit
4105.jpg,vanilla
4335.jpg,banana
1114.jpg,mangosteen
4051.jpg,sugarpalm
967.jpg,frangipani
278.jpg,suweg
4565.jpg,vanilla
3581.jpg,starfruit
1392.jpg,mangosteen
2736.jpg,banana
3824.jpg,bamboo
465.jpg,dragonfruit
127.jpg,suweg
763.jpg,sawo
737.jpg,cacao
4619.jpg,dragonfruit
1476.jpg,vanilla
3461.jpg,vanilla
216.jpg,lychee
2813.jpg,bamboo
4086.jpg,starfruit
3615.jpg,sugarpalm
1659.jpg,lychee
2537.jpg,dragonfruit
4212.jpg,dragonfruit
1543.jpg,nilam
4490.jpg,vanilla
939.jpg,jackfruit
1865.jpg,guava
3891.jpg,jackfruit
192.jpg,nilam
3737.jpg,frangipani
3631.jpg,durian
44.jpg,bamboo
3630.jpg,mango
3943.jpg,jackfruit
1400.jpg,whitepepper
982.jpg,cacao
1846.jpg,banana
4484.jpg,frangipani
3676.jpg,vanilla
217.jpg,waterguava
3638.jpg,banana
4575.jpg,starfruit
2816.jpg,cinnamon
167.jpg,papaya
4555.jpg,durian
2269.jpg,guava
339.jpg,zodia
974.jpg,starfruit
2765.jpg,whitepepper
437.jpg,papaya
2845.jpg,sugarpalm
3947.jpg,dragonfruit
1327.jpg,mango
2629.jpg,durian
4141.jpg,jackfruit
868.jpg,cacao
890.jpg,guava
4022.jpg,cacao
3796.jpg,cacao
3010.jpg,papaya
3177.jpg,dragonfruit
2488.jpg,banana
2501.jpg,dragonfruit
3349.jpg,lychee
276.jpg,sawo
77.jpg,dragonfruit
224.jpg,waterguava
998.jpg,banana
115.jpg,nilam
2566.jpg,suweg
809.jpg,dragonfruit
337.jpg,banana
1105.jpg,banana
4312.jpg,whitepepper
4604.jpg,jackfruit
856.jpg,bamboo
997.jpg,zodia
1441.jpg,jackfruit
1940.jpg,whitepepper
927.jpg,durian
3065.jpg,mango
507.jpg,taro
2262.jpg,coffeearabica
3844.jpg,vanilla
3175.jpg,mangosteen
3917.jpg,bamboo
2683.jpg,mangosteen
168.jpg,guava
3194.jpg,coffeearabica
2240.jpg,durian
1510.jpg,whitepepper
4442.jpg,nilam
2199.jpg,vanilla
489.jpg,frangipani
2440.jpg,papaya
2946.jpg,cacao
1739.jpg,bamboo
631.jpg,bamboo
41.jpg,bamboo
197.jpg,sawo
1966.jpg,coffeearabica
1736.jpg,guava
4569.jpg,bamboo
2420.jpg,mango
3689.jpg,bamboo
2249.jpg,waterguava
975.jpg,suweg
4019.jpg,sugarpalm
4363.jpg,starfruit
2726.jpg,zodia
3739.jpg,lychee
403.jpg,guava
4382.jpg,cacao
3027.jpg,zodia
2570.jpg,dragonfruit
142.jpg,frangipani
1098.jpg,zodia
2880.jpg,coffeearabica
1018.jpg,jackfruit
3651.jpg,coffeearabica
4136.jpg,papaya
4504.jpg,guava
1592.jpg,nilam
4021.jpg,nilam
2681.jpg,zodia
2344.jpg,dragonfruit
2142.jpg,coffeearabica
3978.jpg,cinnamon
4412.jpg,waterguava
2878.jpg,taro
1819.jpg,sugarpalm
3110.jpg,lychee
3197.jpg,papaya
2769.jpg,waterguava
3380.jpg,starfruit
2099.jpg,sawo
1060.jpg,starfruit
2038.jpg,vanilla
4184.jpg,coffeearabica
332.jpg,mangosteen
4429.jpg,starfruit
4236.jpg,frangipani
1566.jpg,waterguava
3246.jpg,durian
3166.jpg,starfruit
707.jpg,banana
3949.jpg,banana
274.jpg,mango
4557.jpg,guava
2484.jpg,taro
4446.jpg,cacao
2815.jpg,sawo
4326.jpg,taro
1141.jpg,mangosteen
4048.jpg,nilam
1481.jpg,banana
3995.jpg,taro
658.jpg,lychee
2268.jpg,lychee
3304.jpg,nilam
1546.jpg,bamboo
2196.jpg,guava
1267.jpg,dragonfruit
1665.jpg,frangipani
3766.jpg,durian
2997.jpg,bamboo
3490.jpg,frangipani
3108.jpg,whitepepper
2457.jpg,coffeearabica
894.jpg,bamboo
3498.jpg,dragonfruit
353.jpg,sugarpalm
2103.jpg,sawo
3236.jpg,lychee
4325.jpg,starfruit
4494.jpg,sugarpalm
2830.jpg,taro
1172.jpg,jackfruit
3176.jpg,vanilla
3363.jpg,cinnamon
1263.jpg,cacao
738.jpg,frangipani
577.jpg,vanilla
2155.jpg,jackfruit
4396.jpg,taro
688.jpg,nilam
3483.jpg,waterguava
3291.jpg,jackfruit
541.jpg,durian
4359.jpg,whitepepper
2858.jpg,guava
3633.jpg,mangosteen
1023.jpg,mango
4018.jpg,whitepepper
2572.jpg,cinnamon
1313.jpg,coffeearabica
4367.jpg,coffeearabica
1281.jpg,taro
1764.jpg,jackfruit
1312.jpg,vanilla
2048.jpg,nilam
3022.jpg,durian
2693.jpg,banana
774.jpg,zodia
668.jpg,vanilla
2327.jpg,lychee
14.jpg,mango
1854.jpg,waterguava
228.jpg,vanilla
1061.jpg,suweg
4258.jpg,dragonfruit
3338.jpg,whitepepper
2763.jpg,vanilla
1308.jpg,vanilla
2018.jpg,mangosteen
951.jpg,durian
1048.jpg,nilam
1625.jpg,dragonfruit
1711.jpg,mangosteen
744.jpg,guava
1948.jpg,jackfruit
2325.jpg,coffeearabica
1814.jpg,passiflora
125.jpg,durian
2508.jpg,mangosteen
2836.jpg,jackfruit
4157.jpg,taro
486.jpg,coffeearabica
647.jpg,taro
2670.jpg,snakefruit
3913.jpg,waterguava
1564.jpg,mangosteen
4476.jpg,guava
3926.jpg,cacao
1511.jpg,waterguava
253.jpg,durian
2674.jpg,suweg
971.jpg,papaya
4486.jpg,guava
693.jpg,starfruit
2334.jpg,passiflora
4615.jpg,vanilla
4582.jpg,durian
3548.jpg,snakefruit
3258.jpg,nilam
2937.jpg,suweg
2657.jpg,guava
1235.jpg,guava
1822.jpg,whitepepper
1825.jpg,jackfruit
1486.jpg,waterguava
1745.jpg,zodia
4252.jpg,cacao
1666.jpg,jackfruit
3216.jpg,waterguava
3383.jpg,coffeearabica
4170.jpg,dragonfruit
3671.jpg,guava
1279.jpg,coffeearabica
1632.jpg,cacao
1149.jpg,durian
1446.jpg,whitepepper
1140.jpg,frangipani
889.jpg,vanilla
133.jpg,vanilla
3473.jpg,coffeearabica
1269.jpg,waterguava
3453.jpg,snakefruit
4259.jpg,vanilla
2857.jpg,waterguava
1526.jpg,jackfruit
3866.jpg,mango
2737.jpg,waterguava
701.jpg,coffeearabica
2291.jpg,vanilla
1386.jpg,jackfruit
2934.jpg,cinnamon
2239.jpg,dragonfruit
1851.jpg,sugarpalm
914.jpg,papaya
611.jpg,passiflora
866.jpg,durian
1701.jpg,durian
237.jpg,vanilla
4220.jpg,nilam
4374.jpg,jackfruit
3411.jpg,bamboo
3340.jpg,coffeearabica
2581.jpg,starfruit
1378.jpg,jackfruit
2526.jpg,passiflora
3643.jpg,frangipani
1309.jpg,starfruit
1021.jpg,coffeearabica
1838.jpg,sawo
2451.jpg,bamboo
4108.jpg,durian
2975.jpg,durian
1334.jpg,durian
3803.jpg,durian
3499.jpg,zodia
4285.jpg,bamboo
3204.jpg,vanilla
1394.jpg,banana
272.jpg,nilam
525.jpg,mango
1974.jpg,starfruit
1420.jpg,sawo
362.jpg,jackfruit
3309.jpg,papaya
2002.jpg,dragonfruit
3006.jpg,zodia
212.jpg,mango
3773.jpg,bamboo
940.jpg,zodia
1953.jpg,lychee
4129.jpg,vanilla
2758.jpg,coffeearabica
2456.jpg,dragonfruit
76.jpg,taro
1824.jpg,papaya
921.jpg,frangipani
2116.jpg,mango
2663.jpg,vanilla
1437.jpg,taro
477.jpg,passiflora
3999.jpg,jackfruit
4103.jpg,dragonfruit
2909.jpg,taro
481.jpg,sugarpalm
1688.jpg,starfruit
3732.jpg,banana
2497.jpg,sugarpalm
835.jpg,sugarpalm
2796.jpg,snakefruit
3203.jpg,starfruit
1165.jpg,durian
36.jpg,durian
1412.jpg,passiflora
667.jpg,papaya
2314.jpg,cinnamon
3914.jpg,nilam
1409.jpg,taro
1080.jpg,frangipani
1935.jpg,waterguava
4600.jpg,jackfruit
2571.jpg,dragonfruit
568.jpg,passiflora
3030.jpg,dragonfruit
1401.jpg,passiflora
245.jpg,jackfruit
2098.jpg,mangosteen
1780.jpg,passiflora
338.jpg,durian
3223.jpg,nilam
1554.jpg,bamboo
1727.jpg,mangosteen
2523.jpg,guava
4585.jpg,sugarpalm
269.jpg,mangosteen
512.jpg,banana
3242.jpg,coffeearabica
3306.jpg,sawo
3636.jpg,waterguava
1318.jpg,zodia
2079.jpg,cinnamon
61.jpg,vanilla
1088.jpg,jackfruit
418.jpg,starfruit
1282.jpg,mangosteen
2462.jpg,coffeearabica
242.jpg,jackfruit
816.jpg,passiflora
3390.jpg,passiflora
4183.jpg,jackfruit
1794.jpg,papaya
3464.jpg,papaya
3019.jpg,suweg
2437.jpg,durian
273.jpg,cacao
1228.jpg,sugarpalm
201.jpg,papaya
3155.jpg,guava
4154.jpg,frangipani
1586.jpg,zodia
1807.jpg,bamboo
2635.jpg,vanilla
365.jpg,sugarpalm
1599.jpg,guava
3890.jpg,cacao
4264.jpg,jackfruit
4480.jpg,lychee
211.jpg,passiflora
1631.jpg,bamboo
3530.jpg,guava
2486.jpg,vanilla
1226.jpg,whitepepper
1012.jpg,lychee
4211.jpg,durian
3362.jpg,cacao
584.jpg,suweg
1040.jpg,dragonfruit
995.jpg,vanilla
1603.jpg,snakefruit
2700.jpg,dragonfruit
3515.jpg,vanilla
3214.jpg,sawo
354.jpg,whitepepper
1248.jpg,starfruit
1663.jpg,bamboo
2026.jpg,lychee
632.jpg,sugarpalm
196.jpg,mango
2543.jpg,taro
4612.jpg,jackfruit
3269.jpg,mango
1384.jpg,sawo
2010.jpg,sugarpalm
3743.jpg,jackfruit
2407.jpg,cinnamon
1771.jpg,zodia
883.jpg,starfruit
2194.jpg,dragonfruit
608.jpg,durian
3859.jpg,lychee
2538.jpg,suweg
1789.jpg,coffeearabica
81.jpg,waterguava
1004.jpg,papaya
4526.jpg,mango
4430.jpg,mangosteen
3668.jpg,bamboo
1563.jpg,starfruit
1669.jpg,banana
4621.jpg,jackfruit
447.jpg,frangipani
122.jpg,mangosteen
369.jpg,starfruit
1626.jpg,zodia
4266.jpg,banana
109.jpg,nilam
3111.jpg,banana
3786.jpg,cinnamon
1916.jpg,papaya
3133.jpg,durian
2028.jpg,jackfruit
1864.jpg,durian
2479.jpg,sawo
1748.jpg,coffeearabica
3665.jpg,bamboo
2136.jpg,mango
2071.jpg,sugarpalm
175.jpg,whitepepper
721.jpg,coffeearabica
3916.jpg,taro
4159.jpg,lychee
4584.jpg,durian
2014.jpg,durian
549.jpg,guava
4173.jpg,guava
4260.jpg,guava
775.jpg,jackfruit
2128.jpg,dragonfruit
1399.jpg,mango
2227.jpg,dragonfruit
2474.jpg,snakefruit
2866.jpg,mangosteen
1533.jpg,nilam
4027.jpg,cinnamon
3397.jpg,cacao
781.jpg,whitepepper
4375.jpg,waterguava
2471.jpg,bamboo
4489.jpg,sugarpalm
1393.jpg,cacao
3336.jpg,mangosteen
3026.jpg,jackfruit
2493.jpg,jackfruit
2302.jpg,starfruit
3915.jpg,cacao
3746.jpg,banana
1737.jpg,mango
1997.jpg,cacao
3284.jpg,dragonfruit
2031.jpg,papaya
3850.jpg,zodia
1241.jpg,nilam
979.jpg,vanilla
1580.jpg,vanilla
2279.jpg,whitepepper
2366.jpg,starfruit
1735.jpg,mango
1619.jpg,vanilla
3322.jpg,vanilla
1132.jpg,bamboo
2413.jpg,sawo
2996.jpg,mangosteen
2307.jpg,sugarpalm
2932.jpg,sawo
829.jpg,coffeearabica
4400.jpg,whitepepper
1363.jpg,sugarpalm
1115.jpg,sawo
3857.jpg,durian
1322.jpg,taro
1660.jpg,dragonfruit
2827.jpg,nilam
3935.jpg,mangosteen
2925.jpg,waterguava
107.jpg,mango
1250.jpg,mangosteen
1082.jpg,dragonfruit
2231.jpg,frangipani
3058.jpg,bamboo
3526.jpg,whitepepper
4261.jpg,vanilla
1776.jpg,jackfruit
2323.jpg,mango
798.jpg,lychee
4409.jpg,starfruit
1654.jpg,starfruit
2990.jpg,mangosteen
2425.jpg,nilam
2361.jpg,nilam
2105.jpg,suweg
3942.jpg,durian
1086.jpg,jackfruit
317.jpg,starfruit
3875.jpg,zodia
1812.jpg,vanilla
2285.jpg,dragonfruit
4113.jpg,starfruit
3365.jpg,cacao
204.jpg,frangipani
1904.jpg,durian
2087.jpg,bamboo
683.jpg,whitepepper
1198.jpg,suweg
1919.jpg,waterguava
1926.jpg,vanilla
1268.jpg,snakefruit
4205.jpg,durian
3740.jpg,snakefruit
4267.jpg,coffeearabica
3053.jpg,suweg
3231.jpg,frangipani
2414.jpg,dragonfruit
857.jpg,snakefruit
3867.jpg,mangosteen
4324.jpg,snakefruit
523.jpg,mangosteen
2834.jpg,taro
1083.jpg,sawo
1556.jpg,lychee
341.jpg,zodia
4298.jpg,dragonfruit
1053.jpg,taro
2790.jpg,coffeearabica
1634.jpg,jackfruit
2043.jpg,frangipani
3189.jpg,vanilla
4518.jpg,sugarpalm
946.jpg,papaya
4011.jpg,jackfruit
1516.jpg,coffeearabica
2607.jpg,cacao
1541.jpg,mango
207.jpg,durian
254.jpg,whitepepper
672.jpg,bamboo
2882.jpg,cacao
941.jpg,nilam
609.jpg,sugarpalm
4435.jpg,mangosteen
3482.jpg,cacao
453.jpg,banana
2905.jpg,dragonfruit
2586.jpg,bamboo
4169.jpg,banana
236.jpg,whitepepper
153.jpg,coffeearabica
2299.jpg,coffeearabica
754.jpg,lychee
1740.jpg,lychee
4008.jpg,sugarpalm
308.jpg,coffeearabica
4337.jpg,frangipani
3245.jpg,mango
3031.jpg,taro
2494.jpg,mangosteen
4358.jpg,papaya
2764.jpg,cacao
421.jpg,guava
363.jpg,sawo
2959.jpg,vanilla
4618.jpg,papaya
1607.jpg,starfruit
2792.jpg,frangipani
1540.jpg,jackfruit
2573.jpg,cacao
699.jpg,papaya
2337.jpg,passiflora
3553.jpg,starfruit
3248.jpg,cacao
3656.jpg,mango
1213.jpg,mangosteen
3361.jpg,durian
3298.jpg,mangosteen
27.jpg,zodia
2432.jpg,whitepepper
1092.jpg,papaya
601.jpg,snakefruit
2637.jpg,guava
3049.jpg,taro
3537.jpg,lychee
3371.jpg,cacao
3187.jpg,cinnamon
261.jpg,dragonfruit
861.jpg,vanilla
2777.jpg,guava
571.jpg,sawo
2615.jpg,guava
1560.jpg,sugarpalm
1449.jpg,cacao
1945.jpg,bamboo
3200.jpg,durian
4592.jpg,waterguava
627.jpg,frangipani
3606.jpg,bamboo
3973.jpg,sawo
504.jpg,banana
3612.jpg,dragonfruit
3045.jpg,zodia
2668.jpg,starfruit
2039.jpg,frangipani
2920.jpg,bamboo
815.jpg,zodia
2370.jpg,vanilla
3433.jpg,cinnamon
1258.jpg,waterguava
471.jpg,banana
3910.jpg,dragonfruit
4474.jpg,zodia
3005.jpg,papaya
301.jpg,waterguava
4196.jpg,banana
4118.jpg,jackfruit
2908.jpg,starfruit
2599.jpg,starfruit
726.jpg,frangipani
1436.jpg,waterguava
1255.jpg,mango
3251.jpg,dragonfruit
776.jpg,dragonfruit
1130.jpg,guava
2542.jpg,durian
2723.jpg,sawo
1433.jpg,snakefruit
1087.jpg,durian
4062.jpg,dragonfruit
2592.jpg,sugarpalm
3547.jpg,mango
446.jpg,passiflora
942.jpg,cinnamon
2991.jpg,lychee
2634.jpg,mango
2954.jpg,cacao
3514.jpg,papaya
574.jpg,sugarpalm
415.jpg,mangosteen
3199.jpg,papaya
2241.jpg,taro
1150.jpg,frangipani
3570.jpg,whitepepper
2442.jpg,sawo
1050.jpg,passiflora
4328.jpg,frangipani
1129.jpg,coffeearabica
587.jpg,vanilla
3945.jpg,guava
2276.jpg,taro
1985.jpg,lychee
4202.jpg,dragonfruit
1073.jpg,mangosteen
3243.jpg,whitepepper
3594.jpg,durian
1373.jpg,starfruit
4160.jpg,dragonfruit
71.jpg,taro
717.jpg,whitepepper
4300.jpg,bamboo
208.jpg,whitepepper
3688.jpg,guava
1355.jpg,nilam
827.jpg,lychee
4132.jpg,bamboo
335.jpg,vanilla
1837.jpg,cacao
1372.jpg,durian
4219.jpg,coffeearabica
4134.jpg,banana
3368.jpg,taro
557.jpg,cinnamon
302.jpg,durian
4198.jpg,mango
643.jpg,bamboo
2151.jpg,taro
1758.jpg,dragonfruit
2850.jpg,durian
906.jpg,dragonfruit
4381.jpg,passiflora
3670.jpg,coffeearabica
2049.jpg,whitepepper
3136.jpg,durian
3683.jpg,cinnamon
4403.jpg,cacao
229.jpg,banana
1752.jpg,suweg
2518.jpg,passiflora
1698.jpg,cacao
3883.jpg,sawo
266.jpg,papaya
3558.jpg,guava
1065.jpg,durian
2378.jpg,jackfruit
1514.jpg,mangosteen
401.jpg,banana
1161.jpg,durian
3224.jpg,vanilla
1649.jpg,banana
2745.jpg,suweg
1938.jpg,durian
2282.jpg,cinnamon
4368.jpg,bamboo
399.jpg,lychee
3072.jpg,jackfruit
2697.jpg,mango
1914.jpg,cinnamon
3422.jpg,mangosteen
729.jpg,mango
97.jpg,mango
778.jpg,cacao
4616.jpg,jackfruit
3559.jpg,sawo
3253.jpg,mango
177.jpg,passiflora
494.jpg,snakefruit
3562.jpg,sawo
1506.jpg,banana
5.jpg,whitepepper
3509.jpg,snakefruit
199.jpg,passiflora
3132.jpg,coffeearabica
4112.jpg,taro
357.jpg,snakefruit
2107.jpg,cacao
3033.jpg,frangipani
698.jpg,lychee
1331.jpg,vanilla
3047.jpg,waterguava
3573.jpg,frangipani
1404.jpg,snakefruit
1047.jpg,suweg
2973.jpg,taro
1201.jpg,whitepepper
3878.jpg,papaya
1881.jpg,starfruit
1463.jpg,waterguava
350.jpg,jackfruit
2379.jpg,snakefruit
169.jpg,coffeearabica
1591.jpg,cacao
3283.jpg,starfruit
39.jpg,mango
1243.jpg,coffeearabica
2447.jpg,waterguava
1621.jpg,coffeearabica
4421.jpg,cinnamon
2204.jpg,banana
1613.jpg,mangosteen
326.jpg,vanilla
2482.jpg,bamboo
3994.jpg,snakefruit
4360.jpg,starfruit
1841.jpg,waterguava
826.jpg,dragonfruit
2265.jpg,durian
131.jpg,vanilla
2319.jpg,passiflora
3312.jpg,lychee
4119.jpg,lychee
1294.jpg,cinnamon
4232.jpg,suweg
2756.jpg,mango
140.jpg,vanilla
2676.jpg,mangosteen
1754.jpg,starfruit
3122.jpg,mango
417.jpg,vanilla
2478.jpg,snakefruit
985.jpg,zodia
257.jpg,taro
2127.jpg,vanilla
614.jpg,snakefruit
1046.jpg,frangipani
1700.jpg,coffeearabica
910.jpg,whitepepper
2134.jpg,whitepepper
1501.jpg,dragonfruit
1658.jpg,banana
4342.jpg,bamboo
2983.jpg,dragonfruit
3090.jpg,taro
2565.jpg,mango
1107.jpg,durian
2669.jpg,starfruit
4478.jpg,sawo
3908.jpg,whitepepper
53.jpg,guava
104.jpg,frangipani
2321.jpg,whitepepper
4215.jpg,taro
2124.jpg,guava
3517.jpg,whitepepper
674.jpg,bamboo
2659.jpg,waterguava
1828.jpg,vanilla
3813.jpg,coffeearabica
1697.jpg,frangipani
3244.jpg,papaya
4311.jpg,papaya
2068.jpg,taro
787.jpg,jackfruit
3595.jpg,taro
4087.jpg,sugarpalm
3880.jpg,sugarpalm
3541.jpg,lychee
1032.jpg,dragonfruit
2594.jpg,starfruit
3164.jpg,starfruit
1293.jpg,vanilla
3391.jpg,whitepepper
231.jpg,suweg
1245.jpg,durian
1627.jpg,jackfruit
1338.jpg,starfruit
1402.jpg,vanilla
963.jpg,sugarpalm
4305.jpg,jackfruit
1116.jpg,sawo
3710.jpg,taro
2356.jpg,papaya
2357.jpg,banana
1815.jpg,banana
22.jpg,guava
21.jpg,snakefruit
1810.jpg,cacao
2876.jpg,durian
1376.jpg,taro
3054.jpg,banana
3143.jpg,sawo
1973.jpg,cacao
1996.jpg,bamboo
2881.jpg,durian
2037.jpg,jackfruit
3536.jpg,whitepepper
3239.jpg,lychee
431.jpg,papaya
2140.jpg,cacao
2940.jpg,whitepepper
3215.jpg,durian
3180.jpg,vanilla
4054.jpg,taro
2688.jpg,guava
3617.jpg,jackfruit
182.jpg,starfruit
1176.jpg,cacao
1221.jpg,jackfruit
3696.jpg,passiflora
164.jpg,cacao
4391.jpg,sawo
1168.jpg,passiflora
2388.jpg,bamboo
1730.jpg,banana
1382.jpg,waterguava
3146.jpg,starfruit
4591.jpg,whitepepper
1110.jpg,banana
2701.jpg,waterguava
2406.jpg,banana
1610.jpg,zodia
3703.jpg,banana
1232.jpg,vanilla
4432.jpg,taro
747.jpg,vanilla
1731.jpg,cacao
932.jpg,durian
2650.jpg,bamboo
2655.jpg,dragonfruit
1641.jpg,zodia
11.jpg,vanilla
757.jpg,whitepepper
2380.jpg,waterguava
3800.jpg,cacao
3750.jpg,taro
4032.jpg,jackfruit
1206.jpg,jackfruit
4163.jpg,whitepepper
304.jpg,waterguava
1257.jpg,zodia
2728.jpg,guava
1502.jpg,passiflora
2559.jpg,jackfruit
3596.jpg,cacao
1341.jpg,passiflora
4493.jpg,banana
2209.jpg,guava
2410.jpg,passiflora
2980.jpg,nilam
1664.jpg,bamboo
2992.jpg,starfruit
4520.jpg,vanilla
1920.jpg,cinnamon
3860.jpg,papaya
2534.jpg,guava
1026.jpg,guava
4445.jpg,zodia
4046.jpg,taro
355.jpg,jackfruit
929.jpg,mangosteen
2173.jpg,dragonfruit
3666.jpg,lychee
2738.jpg,mangosteen
4395.jpg,snakefruit
4224.jpg,banana
4361.jpg,banana
1009.jpg,cacao
2628.jpg,snakefruit
4269.jpg,zodia
4225.jpg,vanilla
1001.jpg,mango
2398.jpg,sugarpalm
1673.jpg,nilam
492.jpg,coffeearabica
2892.jpg,vanilla
3413.jpg,coffeearabica
3520.jpg,mangosteen
702.jpg,durian
2612.jpg,whitepepper
151.jpg,nilam
2429.jpg,lychee
1869.jpg,frangipani
152.jpg,bamboo
2966.jpg,taro
4580.jpg,cinnamon
4073.jpg,vanilla
4571.jpg,suweg
4470.jpg,bamboo
3009.jpg,zodia
3624.jpg,dragonfruit
4497.jpg,dragonfruit
166.jpg,cacao
463.jpg,bamboo
1498.jpg,frangipani
2690.jpg,frangipani
3209.jpg,coffeearabica
2949.jpg,mango
4548.jpg,snakefruit
1575.jpg,nilam
1301.jpg,durian
4099.jpg,mangosteen
830.jpg,coffeearabica
4210.jpg,mangosteen
602.jpg,jackfruit
1262.jpg,jackfruit
1291.jpg,jackfruit
728.jpg,jackfruit
3379.jpg,vanilla
4135.jpg,banana
1458.jpg,durian
2986.jpg,guava
3169.jpg,whitepepper
760.jpg,bamboo
2917.jpg,sawo
2799.jpg,cinnamon
2235.jpg,waterguava
3872.jpg,vanilla
1177.jpg,frangipani
724.jpg,durian
2664.jpg,jackfruit
73.jpg,mangosteen
2875.jpg,papaya
2877.jpg,coffeearabica
1126.jpg,zodia
807.jpg,sawo
1381.jpg,taro
3539.jpg,coffeearabica
2167.jpg,zodia
3812.jpg,taro
475.jpg,waterguava
1879.jpg,passiflora
3077.jpg,cacao
1775.jpg,lychee
2408.jpg,waterguava
2176.jpg,bamboo
2161.jpg,taro
1956.jpg,sugarpalm
3962.jpg,cinnamon
4058.jpg,dragonfruit
1978.jpg,zodia
329.jpg,whitepepper
2840.jpg,cacao
1883.jpg,vanilla
1145.jpg,banana
3976.jpg,bamboo
1227.jpg,sugarpalm
1772.jpg,sawo
4102.jpg,waterguava
1567.jpg,guava
2100.jpg,passiflora
372.jpg,suweg
3843.jpg,zodia
836.jpg,vanilla
3600.jpg,snakefruit
1504.jpg,cacao
4104.jpg,guava
1694.jpg,vanilla
4433.jpg,durian
1783.jpg,starfruit
501.jpg,sawo
2695.jpg,bamboo
2117.jpg,papaya
3513.jpg,jackfruit
590.jpg,jackfruit
748.jpg,zodia
3154.jpg,starfruit
4023.jpg,snakefruit
1111.jpg,frangipani
187.jpg,taro
314.jpg,frangipani
4276.jpg,starfruit
686.jpg,whitepepper
2129.jpg,bamboo
1887.jpg,mangosteen
375.jpg,vanilla
1816.jpg,snakefruit
3996.jpg,passiflora
2468.jpg,sawo
1443.jpg,passiflora
2115.jpg,sugarpalm
3387.jpg,jackfruit
1804.jpg,lychee
1743.jpg,dragonfruit
3096.jpg,waterguava
3424.jpg,guava
1289.jpg,jackfruit
1242.jpg,papaya
4094.jpg,whitepepper
1125.jpg,lychee
3925.jpg,durian
4543.jpg,cacao
3822.jpg,suweg
955.jpg,jackfruit
2675.jpg,durian
2844.jpg,jackfruit
1532.jpg,cinnamon
310.jpg,cacao
3364.jpg,sugarpalm
1970.jpg,suweg
2060.jpg,mangosteen
2431.jpg,taro
1184.jpg,mango
3489.jpg,passiflora
2040.jpg,suweg
4273.jpg,waterguava
3247.jpg,papaya
2190.jpg,bamboo
1821.jpg,frangipani
4513.jpg,waterguava
1718.jpg,guava
3868.jpg,papaya
3907.jpg,suweg
2864.jpg,cacao
4248.jpg,frangipani
382.jpg,waterguava
4443.jpg,bamboo
3480.jpg,cacao
425.jpg,bamboo
2409.jpg,zodia
248.jpg,guava
4084.jpg,whitepepper
3299.jpg,durian
1043.jpg,frangipani
1067.jpg,bamboo
3542.jpg,lychee
3218.jpg,coffeearabica
2597.jpg,dragonfruit
653.jpg,coffeearabica
2339.jpg,vanilla
1500.jpg,durian
886.jpg,waterguava
3120.jpg,papaya
2804.jpg,banana
4458.jpg,snakefruit
3073.jpg,jackfruit
3527.jpg,dragonfruit
3775.jpg,dragonfruit
474.jpg,waterguava
3731.jpg,jackfruit
3802.jpg,waterguava
3804.jpg,jackfruit
3998.jpg,snakefruit
1362.jpg,jackfruit
4143.jpg,taro
2890.jpg,cacao
2643.jpg,cacao
2711.jpg,frangipani
2346.jpg,snakefruit
2304.jpg,passiflora
2266.jpg,frangipani
100.jpg,guava
2914.jpg,banana
2590.jpg,papaya
2604.jpg,sugarpalm
2885.jpg,vanilla
4329.jpg,frangipani
3301.jpg,taro
2277.jpg,banana
2221.jpg,mangosteen
2677.jpg,lychee
745.jpg,whitepepper
3761.jpg,sugarpalm
2899.jpg,vanilla
3358.jpg,jackfruit
2101.jpg,durian
2133.jpg,vanilla
516.jpg,durian
1408.jpg,coffeearabica
2609.jpg,coffeearabica
3018.jpg,durian
1170.jpg,whitepepper
931.jpg,sawo
3934.jpg,mango
1719.jpg,jackfruit
820.jpg,sugarpalm
3494.jpg,vanilla
1558.jpg,mango
359.jpg,nilam
2535.jpg,taro
1276.jpg,banana
3529.jpg,sugarpalm
782.jpg,cacao
3370.jpg,nilam
2059.jpg,cacao
3884.jpg,mango
1303.jpg,sawo
2724.jpg,jackfruit
3272.jpg,banana
2003.jpg,banana
4271.jpg,bamboo
295.jpg,sugarpalm
2259.jpg,cinnamon
4334.jpg,bamboo
770.jpg,snakefruit
4378.jpg,mango
3552.jpg,coffeearabica
1142.jpg,banana
4222.jpg,lychee
1531.jpg,mango
1134.jpg,snakefruit
1305.jpg,guava
2188.jpg,taro
2852.jpg,snakefruit
2679.jpg,banana
3753.jpg,durian
2809.jpg,mango
2819.jpg,snakefruit
645.jpg,guava
3645.jpg,guava
1324.jpg,dragonfruit
3904.jpg,mangosteen
4156.jpg,waterguava
396.jpg,papaya
3557.jpg,nilam
2336.jpg,frangipani
2250.jpg,papaya
10.jpg,guava
1901.jpg,banana
1544.jpg,suweg
1183.jpg,mangosteen
2470.jpg,jackfruit
2552.jpg,taro
576.jpg,durian
1444.jpg,zodia
2600.jpg,suweg
3134.jpg,cinnamon
876.jpg,frangipani
2164.jpg,waterguava
1121.jpg,banana
962.jpg,sawo
3906.jpg,whitepepper
1850.jpg,suweg
3854.jpg,guava
3955.jpg,jackfruit
194.jpg,mango
2257.jpg,dragonfruit
2345.jpg,mango
1215.jpg,dragonfruit
3088.jpg,papaya
2887.jpg,mangosteen
4313.jpg,durian
4468.jpg,taro
1090.jpg,durian
3430.jpg,lychee
579.jpg,sawo
2183.jpg,durian
3629.jpg,waterguava
2318.jpg,whitepepper
1415.jpg,papaya
394.jpg,cinnamon
915.jpg,mango
569.jpg,jackfruit
429.jpg,starfruit
2350.jpg,lychee
1987.jpg,waterguava
3745.jpg,waterguava
3664.jpg,papaya
1146.jpg,snakefruit
3261.jpg,dragonfruit
3787.jpg,coffeearabica
2368.jpg,jackfruit
1259.jpg,suweg
3089.jpg,papaya
1507.jpg,cinnamon
3502.jpg,jackfruit
4265.jpg,papaya
4554.jpg,frangipani
3250.jpg,jackfruit
3723.jpg,durian
1015.jpg,cacao
180.jpg,dragonfruit
2034.jpg,mango
393.jpg,taro
1438.jpg,guava
882.jpg,frangipani
1857.jpg,cinnamon
233.jpg,cacao
2065.jpg,zodia
969.jpg,mangosteen
2491.jpg,coffeearabica
1800.jpg,papaya
503.jpg,suweg
2708.jpg,cacao
4036.jpg,taro
496.jpg,jackfruit
1648.jpg,suweg
2011.jpg,cacao
2529.jpg,passiflora
606.jpg,mangosteen
391.jpg,whitepepper
479.jpg,starfruit
896.jpg,mango
3838.jpg,mango
1311.jpg,cinnamon
2042.jpg,suweg
2630.jpg,mangosteen
149.jpg,frangipani
3889.jpg,snakefruit
3410.jpg,zodia
102.jpg,zodia
462.jpg,frangipani
892.jpg,whitepepper
2520.jpg,guava
3564.jpg,sugarpalm
4249.jpg,starfruit
3431.jpg,taro
4218.jpg,starfruit
1728.jpg,jackfruit
3039.jpg,guava
95.jpg,bamboo
4060.jpg,papaya
687.jpg,zodia
567.jpg,coffeearabica
4251.jpg,mango
1797.jpg,durian
428.jpg,cinnamon
4000.jpg,whitepepper
3452.jpg,durian
3305.jpg,taro
3958.jpg,dragonfruit
1429.jpg,zodia
4171.jpg,jackfruit
773.jpg,whitepepper
262.jpg,suweg
3944.jpg,banana
2536.jpg,guava
4496.jpg,banana
1893.jpg,jackfruit
586.jpg,banana
3148.jpg,jackfruit
1414.jpg,suweg
2595.jpg,nilam
2310.jpg,guava
3858.jpg,durian
2074.jpg,vanilla
3432.jpg,jackfruit
2206.jpg,vanilla
2242.jpg,waterguava
3423.jpg,jackfruit
1283.jpg,starfruit
491.jpg,lychee
4402.jpg,jackfruit
3140.jpg,cacao
3985.jpg,cacao
2870.jpg,vanilla
665.jpg,mangosteen
3706.jpg,cinnamon
2684.jpg,coffeearabica
4507.jpg,passiflora
2666.jpg,mango
1343.jpg,dragonfruit
834.jpg,lychee
3641.jpg,papaya
1617.jpg,coffeearabica
1045.jpg,vanilla
3756.jpg,suweg
361.jpg,jackfruit
392.jpg,suweg
2647.jpg,vanilla
2974.jpg,cinnamon
4309.jpg,sugarpalm
1240.jpg,durian
1175.jpg,sugarpalm
1792.jpg,nilam
1020.jpg,guava
1069.jpg,papaya
3762.jpg,suweg
887.jpg,papaya
2281.jpg,mango
1238.jpg,vanilla
1555.jpg,whitepepper
2280.jpg,durian
988.jpg,snakefruit
4594.jpg,frangipani
3325.jpg,cinnamon
592.jpg,banana
1952.jpg,sugarpalm
2364.jpg,dragonfruit
1991.jpg,durian
1317.jpg,jackfruit
1051.jpg,durian
3394.jpg,dragonfruit
1089.jpg,vanilla
2731.jpg,waterguava
1094.jpg,banana
2660.jpg,suweg
2078.jpg,dragonfruit
3504.jpg,bamboo
1143.jpg,mango
2419.jpg,nilam
4151.jpg,passiflora
4419.jpg,mangosteen
4586.jpg,guava
899.jpg,durian
227.jpg,taro
514.jpg,suweg
1144.jpg,cinnamon
4509.jpg,vanilla
452.jpg,papaya
3899.jpg,nilam
1733.jpg,vanilla
543.jpg,nilam
1333.jpg,frangipani
3023.jpg,jackfruit
2244.jpg,waterguava
1162.jpg,bamboo
2050.jpg,jackfruit
3974.jpg,passiflora
3572.jpg,waterguava
4593.jpg,dragonfruit
1784.jpg,mangosteen
881.jpg,nilam
3330.jpg,jackfruit
2008.jpg,durian
2661.jpg,whitepepper
2445.jpg,vanilla
4128.jpg,cinnamon
247.jpg,jackfruit
2485.jpg,snakefruit
226.jpg,papaya
4462.jpg,papaya
3662.jpg,starfruit
3080.jpg,jackfruit
1431.jpg,taro
3717.jpg,whitepepper
4431.jpg,coffeearabica
3956.jpg,lychee
2962.jpg,papaya
3326.jpg,cacao
3265.jpg,suweg
2982.jpg,frangipani
2829.jpg,sawo
3705.jpg,dragonfruit
3940.jpg,starfruit
1612.jpg,bamboo
176.jpg,dragonfruit
4226.jpg,jackfruit
1645.jpg,sawo
2557.jpg,snakefruit
3566.jpg,mangosteen
2066.jpg,waterguava
2467.jpg,snakefruit
4516.jpg,frangipani
1872.jpg,passiflora
2781.jpg,vanilla
1894.jpg,snakefruit
852.jpg,frangipani
1684.jpg,vanilla
4200.jpg,dragonfruit
597.jpg,cinnamon
1025.jpg,snakefruit
1078.jpg,taro
2847.jpg,vanilla
1606.jpg,waterguava
3114.jpg,cinnamon
4238.jpg,coffeearabica
3181.jpg,starfruit
3234.jpg,zodia
3084.jpg,papaya
4278.jpg,cacao
2374.jpg,zodia
4525.jpg,cacao
3845.jpg,starfruit
2022.jpg,durian
784.jpg,durian
1998.jpg,passiflora
1551.jpg,durian
2283.jpg,cacao
284.jpg,sawo
2391.jpg,passiflora
2633.jpg,vanilla
2812.jpg,taro
1117.jpg,durian
1834.jpg,banana
3323.jpg,banana
2225.jpg,guava
3738.jpg,waterguava
4532.jpg,papaya
2945.jpg,vanilla
1139.jpg,sawo
4080.jpg,mango
3992.jpg,sawo
267.jpg,sawo
3619.jpg,banana
1676.jpg,whitepepper
3886.jpg,sugarpalm
3062.jpg,cacao
1049.jpg,waterguava
344.jpg,vanilla
3082.jpg,mangosteen
2960.jpg,zodia
3493.jpg,sawo
3691.jpg,dragonfruit
220.jpg,whitepepper
4348.jpg,banana
3013.jpg,jackfruit
4093.jpg,coffeearabica
875.jpg,taro
786.jpg,coffeearabica
309.jpg,durian
1768.jpg,jackfruit
288.jpg,mango
2085.jpg,dragonfruit
4190.jpg,sugarpalm
2525.jpg,cinnamon
20.jpg,durian
3674.jpg,sawo
853.jpg,cinnamon
3222.jpg,cacao
777.jpg,banana
413.jpg,jackfruit
4181.jpg,frangipani
1286.jpg,nilam
913.jpg,lychee
2797.jpg,nilam
2547.jpg,starfruit
1425.jpg,passiflora
640.jpg,bamboo
294.jpg,bamboo
24.jpg,banana
4006.jpg,starfruit
3367.jpg,zodia
2551.jpg,frangipani
718.jpg,vanilla
3333.jpg,jackfruit
46.jpg,sugarpalm
2561.jpg,frangipani
3605.jpg,lychee
670.jpg,frangipani
1137.jpg,jackfruit
3652.jpg,banana
4263.jpg,durian
4268.jpg,suweg
2417.jpg,frangipani
785.jpg,whitepepper
2286.jpg,guava
3207.jpg,zodia
704.jpg,banana
2839.jpg,jackfruit
4100.jpg,durian
3510.jpg,taro
1923.jpg,lychee
3873.jpg,bamboo
4014.jpg,banana
2322.jpg,bamboo
2422.jpg,dragonfruit
2591.jpg,dragonfruit
3550.jpg,cacao
2944.jpg,bamboo
952.jpg,lychee
3211.jpg,mangosteen
2153.jpg,papaya
190.jpg,guava
3950.jpg,frangipani
1738.jpg,passiflora
3795.jpg,durian
1434.jpg,whitepepper
1329.jpg,papaya
2807.jpg,passiflora
625.jpg,sugarpalm
1571.jpg,guava
4253.jpg,cinnamon
323.jpg,taro
1868.jpg,taro
880.jpg,taro
1411.jpg,starfruit
1975.jpg,lychee
1195.jpg,bamboo
1933.jpg,suweg
905.jpg,waterguava
2147.jpg,bamboo
2411.jpg,suweg
3344.jpg,durian
290.jpg,jackfruit
3760.jpg,cinnamon
1253.jpg,vanilla
4545.jpg,durian
1199.jpg,vanilla
3382.jpg,cinnamon
1763.jpg,durian
1056.jpg,taro
3730.jpg,jackfruit
1826.jpg,durian
2313.jpg,suweg
1027.jpg,taro
1529.jpg,starfruit
1882.jpg,bamboo
1488.jpg,vanilla
4573.jpg,taro
2393.jpg,cinnamon
697.jpg,sawo
818.jpg,nilam
3219.jpg,dragonfruit
1616.jpg,zodia
3637.jpg,frangipani
1430.jpg,taro
3853.jpg,banana
2354.jpg,papaya
2644.jpg,durian
3772.jpg,starfruit
3472.jpg,bamboo
4515.jpg,mango
3769.jpg,sawo
2326.jpg,waterguava
3639.jpg,dragonfruit
3783.jpg,vanilla
4063.jpg,jackfruit
137.jpg,banana
264.jpg,guava
4090.jpg,jackfruit
92.jpg,zodia
3103.jpg,bamboo
4082.jpg,nilam
3465.jpg,whitepepper
4467.jpg,papaya
3937.jpg,jackfruit
1070.jpg,bamboo
2774.jpg,durian
3354.jpg,taro
1706.jpg,banana
1480.jpg,passiflora
297.jpg,nilam
4039.jpg,starfruit
4034.jpg,mango
1686.jpg,whitepepper
2503.jpg,banana
1715.jpg,durian
312.jpg,jackfruit
1185.jpg,cacao
937.jpg,papaya
1961.jpg,jackfruit
2212.jpg,starfruit
1233.jpg,sugarpalm
1692.jpg,cacao
3840.jpg,nilam
2289.jpg,cinnamon
2673.jpg,banana
4066.jpg,bamboo
2389.jpg,lychee
3004.jpg,waterguava
123.jpg,mango
720.jpg,suweg
89.jpg,passiflora
1577.jpg,bamboo
4117.jpg,passiflora
154.jpg,passiflora
1535.jpg,cinnamon
1451.jpg,mango
454.jpg,dragonfruit
984.jpg,whitepepper
3535.jpg,durian
4033.jpg,bamboo
3329.jpg,papaya
1757.jpg,mango
108.jpg,dragonfruit
252.jpg,nilam
225.jpg,zodia
1234.jpg,starfruit
1367.jpg,sawo
1572.jpg,bamboo
2415.jpg,frangipani
4125.jpg,waterguava
1637.jpg,sugarpalm
4549.jpg,durian
2058.jpg,mangosteen
535.jpg,waterguava
3400.jpg,jackfruit
3811.jpg,starfruit
4035.jpg,vanilla
1379.jpg,starfruit
2627.jpg,frangipani
2626.jpg,banana
1297.jpg,banana
714.jpg,sugarpalm
4240.jpg,vanilla
2938.jpg,taro
1106.jpg,jackfruit
3826.jpg,mango
3540.jpg,whitepepper
3165.jpg,coffeearabica
991.jpg,cacao
3295.jpg,snakefruit
4126.jpg,guava
426.jpg,taro
3404.jpg,lychee
2967.jpg,vanilla
2332.jpg,coffeearabica
4110.jpg,suweg
1685.jpg,sugarpalm
4137.jpg,bamboo
2181.jpg,starfruit
1223.jpg,waterguava
2651.jpg,dragonfruit
213.jpg,taro
2362.jpg,bamboo
3198.jpg,cacao
4106.jpg,durian
4579.jpg,cinnamon
67.jpg,banana
1609.jpg,mangosteen
4373.jpg,suweg
839.jpg,bamboo
4043.jpg,durian
3341.jpg,papaya
1884.jpg,guava
2539.jpg,banana
980.jpg,cinnamon
1344.jpg,waterguava
249.jpg,frangipani
1374.jpg,lychee
1340.jpg,jackfruit
1582.jpg,dragonfruit
1456.jpg,cacao
499.jpg,zodia
3533.jpg,zodia
4506.jpg,mangosteen
2405.jpg,banana
1647.jpg,jackfruit
2719.jpg,guava
3951.jpg,whitepepper
811.jpg,passiflora
2685.jpg,taro
2063.jpg,durian
3462.jpg,snakefruit
655.jpg,coffeearabica
120.jpg,guava
1589.jpg,zodia
3311.jpg,banana
2703.jpg,bamboo
610.jpg,frangipani
2915.jpg,snakefruit
3565.jpg,snakefruit
1471.jpg,nilam
2603.jpg,frangipani
769.jpg,frangipani
4272.jpg,papaya
1902.jpg,taro
1972.jpg,waterguava
3421.jpg,sugarpalm
4299.jpg,coffeearabica
1638.jpg,dragonfruit
1845.jpg,snakefruit
4379.jpg,durian
420.jpg,vanilla
2783.jpg,dragonfruit
1104.jpg,cinnamon
3685.jpg,suweg
722.jpg,taro
3478.jpg,cacao
3724.jpg,mango
4290.jpg,mango
101.jpg,dragonfruit
4595.jpg,guava
3755.jpg,dragonfruit
2385.jpg,dragonfruit
4131.jpg,jackfruit
1403.jpg,passiflora
3704.jpg,sawo
4068.jpg,waterguava
3324.jpg,whitepepper
1803.jpg,cacao
1299.jpg,coffeearabica
117.jpg,dragonfruit
1979.jpg,mangosteen
3920.jpg,mango
1287.jpg,banana
2772.jpg,waterguava
2942.jpg,whitepepper
3125.jpg,sugarpalm
1687.jpg,jackfruit
3458.jpg,guava
306.jpg,snakefruit
4095.jpg,mangosteen
181.jpg,starfruit
806.jpg,taro
2106.jpg,zodia
2372.jpg,frangipani
3816.jpg,starfruit
3928.jpg,whitepepper
3997.jpg,bamboo
4570.jpg,passiflora
2883.jpg,banana
734.jpg,dragonfruit
1368.jpg,zodia
2476.jpg,dragonfruit
2578.jpg,cacao
3267.jpg,suweg
3632.jpg,passiflora
1497.jpg,durian
124.jpg,coffeearabica
4559.jpg,passiflora
2748.jpg,durian
546.jpg,waterguava
817.jpg,guava
2696.jpg,bamboo
1316.jpg,passiflora
649.jpg,durian
2330.jpg,dragonfruit
1208.jpg,taro
2510.jpg,waterguava
2645.jpg,cacao
1342.jpg,jackfruit
4343.jpg,guava
1103.jpg,vanilla
3024.jpg,starfruit
2113.jpg,mangosteen
2434.jpg,lychee
1246.jpg,guava
1178.jpg,waterguava
636.jpg,frangipani
3161.jpg,frangipani
1081.jpg,bamboo
2238.jpg,lychee
2652.jpg,whitepepper
1667.jpg,cacao
2397.jpg,cacao
1315.jpg,zodia
3008.jpg,vanilla
2461.jpg,taro
2308.jpg,mangosteen
173.jpg,mango
445.jpg,zodia
2545.jpg,taro
2602.jpg,jackfruit
2802.jpg,bamboo
4482.jpg,durian
4394.jpg,starfruit
1860.jpg,bamboo
2576.jpg,jackfruit
2743.jpg,frangipani
3578.jpg,cacao
2580.jpg,bamboo
2492.jpg,coffeearabica
2233.jpg,starfruit
4059.jpg,cacao
4122.jpg,zodia
3262.jpg,papaya
381.jpg,taro
4453.jpg,taro
3321.jpg,taro
742.jpg,suweg
2755.jpg,jackfruit
4529.jpg,mango
1353.jpg,bamboo
1672.jpg,coffeearabica
4603.jpg,snakefruit
2096.jpg,mango
1385.jpg,sugarpalm
2952.jpg,frangipani
2788.jpg,bamboo
4297.jpg,sugarpalm
367.jpg,taro
4614.jpg,jackfruit
3075.jpg,jackfruit
3882.jpg,jackfruit
1830.jpg,mangosteen
3337.jpg,dragonfruit
2076.jpg,lychee
812.jpg,waterguava
2297.jpg,banana
1859.jpg,bamboo
872.jpg,cacao
622.jpg,snakefruit
1325.jpg,sugarpalm
3425.jpg,mangosteen
2072.jpg,waterguava
4187.jpg,sugarpalm
480.jpg,coffeearabica
3768.jpg,durian
28.jpg,mangosteen
3521.jpg,durian
2248.jpg,passiflora
468.jpg,passiflora
476.jpg,zodia
573.jpg,banana
895.jpg,dragonfruit
1550.jpg,frangipani
3789.jpg,taro
1417.jpg,cinnamon
2092.jpg,passiflora
3466.jpg,taro
2786.jpg,starfruit
1182.jpg,vanilla
3280.jpg,bamboo
3818.jpg,snakefruit
4463.jpg,guava
1152.jpg,waterguava
2315.jpg,nilam
1063.jpg,nilam
132.jpg,sawo
2927.jpg,jackfruit
1440.jpg,bamboo
4414.jpg,cacao
311.jpg,vanilla
1853.jpg,suweg
1251.jpg,banana
4127.jpg,zodia
2495.jpg,vanilla
3360.jpg,passiflora
1573.jpg,taro
1222.jpg,taro
1166.jpg,mangosteen
2109.jpg,vanilla
780.jpg,zodia
4194.jpg,starfruit
4588.jpg,cacao
842.jpg,passiflora
810.jpg,taro
3095.jpg,dragonfruit
4070.jpg,passiflora
3938.jpg,sugarpalm
2956.jpg,banana
1057.jpg,taro
356.jpg,sawo
2750.jpg,jackfruit
1304.jpg,suweg
1827.jpg,jackfruit
136.jpg,cacao
2778.jpg,vanilla
530.jpg,waterguava
130.jpg,waterguava
2444.jpg,mango
2402.jpg,frangipani
2030.jpg,guava
3173.jpg,waterguava
1848.jpg,suweg
2671.jpg,passiflora
193.jpg,zodia
1675.jpg,bamboo
2854.jpg,whitepepper
3185.jpg,frangipani
2162.jpg,jackfruit
2546.jpg,lychee
128.jpg,bamboo
1601.jpg,banana
891.jpg,guava
2320.jpg,sugarpalm
3967.jpg,starfruit
639.jpg,sawo
2274.jpg,starfruit
65.jpg,cacao
277.jpg,mangosteen
2226.jpg,starfruit
3126.jpg,vanilla
2593.jpg,cinnamon
1831.jpg,whitepepper
3877.jpg,guava
3347.jpg,zodia
4221.jpg,guava
1371.jpg,papaya
4140.jpg,lychee
4376.jpg,sawo
1633.jpg,banana
1022.jpg,nilam
2999.jpg,coffeearabica
3833.jpg,banana
3083.jpg,cinnamon
3064.jpg,lychee
360.jpg,vanilla
3102.jpg,waterguava
3848.jpg,suweg
4055.jpg,cacao
2978.jpg,guava
3381.jpg,sawo
2160.jpg,starfruit
1847.jpg,sawo
3697.jpg,vanilla
32.jpg,dragonfruit
4568.jpg,cinnamon
1300.jpg,cinnamon
1989.jpg,waterguava
2367.jpg,passiflora
4005.jpg,bamboo
3346.jpg,sugarpalm
1462.jpg,vanilla
4399.jpg,sawo
823.jpg,nilam
4081.jpg,whitepepper
423.jpg,jackfruit
1034.jpg,jackfruit
3821.jpg,mango
4230.jpg,bamboo
371.jpg,guava
2707.jpg,jackfruit
2698.jpg,dragonfruit
2860.jpg,bamboo
1422.jpg,coffeearabica
1542.jpg,bamboo
1214.jpg,papaya
976.jpg,frangipani
4217.jpg,jackfruit
43.jpg,guava
2563.jpg,lychee
2682.jpg,dragonfruit
3852.jpg,banana
3041.jpg,jackfruit
3663.jpg,durian
1447.jpg,frangipani
900.jpg,zodia
4049.jpg,frangipani
2567.jpg,papaya
4623.jpg,nilam
3941.jpg,durian
3076.jpg,lychee
1395.jpg,vanilla
689.jpg,jackfruit
869.jpg,sawo
4262.jpg,sugarpalm
4353.jpg,mangosteen
1508.jpg,bamboo
1944.jpg,guava
1423.jpg,passiflora
1976.jpg,suweg
635.jpg,papaya
1651.jpg,durian
1192.jpg,bamboo
1734.jpg,durian
2496.jpg,taro
1186.jpg,bamboo
1164.jpg,vanilla
633.jpg,snakefruit
202.jpg,coffeearabica
1101.jpg,snakefruit
1624.jpg,guava
1981.jpg,frangipani
1244.jpg,cinnamon
282.jpg,banana
2868.jpg,nilam
255.jpg,vanilla
2618.jpg,cacao
2721.jpg,dragonfruit
3722.jpg,jackfruit
493.jpg,zodia
3139.jpg,sugarpalm
1383.jpg,guava
1587.jpg,banana
4576.jpg,passiflora
1670.jpg,jackfruit
1369.jpg,dragonfruit
3372.jpg,bamboo
3660.jpg,vanilla
527.jpg,durian
4223.jpg,cinnamon
2648.jpg,cinnamon
1348.jpg,snakefruit
3707.jpg,waterguava
2585.jpg,guava
2455.jpg,coffeearabica
758.jpg,durian
495.jpg,banana
3933.jpg,cinnamon
874.jpg,bamboo
4256.jpg,bamboo
3393.jpg,guava
4620.jpg,starfruit
2146.jpg,guava
2754.jpg,waterguava
283.jpg,frangipani
3.jpg,guava
4042.jpg,guava
179.jpg,waterguava
379.jpg,zodia
660.jpg,suweg
3584.jpg,guava
3014.jpg,mango
3692.jpg,starfruit
3607.jpg,jackfruit
2823.jpg,dragonfruit
4289.jpg,durian
2421.jpg,frangipani
1756.jpg,dragonfruit
1452.jpg,sawo
1712.jpg,sugarpalm
2787.jpg,coffeearabica
3339.jpg,nilam
2158.jpg,durian
3409.jpg,jackfruit
3152.jpg,whitepepper
3098.jpg,waterguava
1907.jpg,dragonfruit
3856.jpg,bamboo
4479.jpg,mangosteen
753.jpg,guava
3308.jpg,taro
1755.jpg,nilam
3798.jpg,waterguava
1876.jpg,passiflora
1515.jpg,zodia
1786.jpg,cinnamon
251.jpg,jackfruit
1653.jpg,cacao
2118.jpg,snakefruit
3749.jpg,passiflora
3831.jpg,dragonfruit
3106.jpg,jackfruit
1773.jpg,cinnamon
849.jpg,snakefruit
3418.jpg,bamboo
448.jpg,suweg
3887.jpg,sawo
3348.jpg,papaya
2069.jpg,banana
1696.jpg,taro
1202.jpg,bamboo
1840.jpg,papaya
3131.jpg,mangosteen
3113.jpg,bamboo
1519.jpg,bamboo
1873.jpg,zodia
1017.jpg,dragonfruit
2900.jpg,frangipani
3771.jpg,dragonfruit
1896.jpg,durian
2130.jpg,banana
4025.jpg,nilam
4091.jpg,nilam
711.jpg,papaya
4255.jpg,mangosteen
2556.jpg,mango
3105.jpg,vanilla
3715.jpg,guava
4142.jpg,mango
624.jpg,bamboo
174.jpg,mango
1693.jpg,vanilla
1058.jpg,vanilla
1254.jpg,durian
1877.jpg,taro
994.jpg,lychee
3586.jpg,coffeearabica
279.jpg,vanilla
2224.jpg,snakefruit
907.jpg,guava
1746.jpg,cacao
4098.jpg,frangipani
4364.jpg,zodia
2149.jpg,cacao
2631.jpg,dragonfruit
531.jpg,vanilla
2851.jpg,papaya
2965.jpg,frangipani
1485.jpg,mango
1630.jpg,banana
3836.jpg,durian
1576.jpg,whitepepper
3571.jpg,starfruit
2169.jpg,papaya
4441.jpg,zodia
4417.jpg,jackfruit
1387.jpg,cinnamon
4199.jpg,papaya
1016.jpg,passiflora
1858.jpg,passiflora
2438.jpg,banana
4192.jpg,vanilla
1495.jpg,jackfruit
2396.jpg,passiflora
1710.jpg,sugarpalm
2178.jpg,papaya
2515.jpg,mangosteen
1345.jpg,starfruit
1188.jpg,guava
4408.jpg,waterguava
727.jpg,starfruit
3650.jpg,jackfruit
2730.jpg,jackfruit
3965.jpg,sugarpalm
4495.jpg,durian
1190.jpg,taro
30.jpg,papaya
3538.jpg,durian
1326.jpg,vanilla
1921.jpg,jackfruit
112.jpg,snakefruit
3991.jpg,cinnamon
2216.jpg,mangosteen
4450.jpg,cinnamon
3486.jpg,coffeearabica
2032.jpg,passiflora
1482.jpg,guava
630.jpg,jackfruit
2163.jpg,banana
34.jpg,sugarpalm
559.jpg,cacao
1759.jpg,cinnamon
3702.jpg,frangipani
402.jpg,starfruit
1917.jpg,guava
1661.jpg,durian
847.jpg,guava
3622.jpg,durian
867.jpg,suweg
4611.jpg,snakefruit
588.jpg,papaya
3375.jpg,papaya
3332.jpg,taro
1085.jpg,zodia
3589.jpg,mango
3144.jpg,guava
442.jpg,taro
171.jpg,waterguava
444.jpg,dragonfruit
2853.jpg,guava
2806.jpg,snakefruit
3806.jpg,mango
511.jpg,zodia
2780.jpg,zodia
3881.jpg,sawo
2443.jpg,bamboo
3468.jpg,coffeearabica
1709.jpg,mangosteen
4534.jpg,durian
3352.jpg,jackfruit
2995.jpg,guava
2295.jpg,dragonfruit
3273.jpg,sawo
2947.jpg,papaya
3618.jpg,suweg
2950.jpg,jackfruit
2359.jpg,frangipani
2770.jpg,bamboo
3523.jpg,sugarpalm
1219.jpg,nilam
70.jpg,papaya
2152.jpg,cinnamon
2122.jpg,zodia
2436.jpg,snakefruit
2550.jpg,starfruit
2290.jpg,banana
1390.jpg,zodia
537.jpg,mango
3567.jpg,mango
2458.jpg,mango
1538.jpg,guava
3426.jpg,zodia
1521.jpg,coffeearabica
4139.jpg,taro
3477.jpg,vanilla
4522.jpg,bamboo
1180.jpg,guava
2722.jpg,vanilla
4500.jpg,waterguava
307.jpg,durian
2463.jpg,cacao
1867.jpg,taro
3684.jpg,jackfruit
118.jpg,cacao
2718.jpg,bamboo
3142.jpg,starfruit
319.jpg,passiflora
4293.jpg,starfruit
4437.jpg,coffeearabica
87.jpg,guava
2251.jpg,taro
2131.jpg,durian
996.jpg,guava
4031.jpg,vanilla
1705.jpg,bamboo
1356.jpg,durian
1492.jpg,durian
3401.jpg,bamboo
1416.jpg,taro
2013.jpg,starfruit
4079.jpg,dragonfruit
54.jpg,cinnamon
1042.jpg,nilam
2527.jpg,jackfruit
3505.jpg,guava
4204.jpg,bamboo
2504.jpg,starfruit
1307.jpg,jackfruit
150.jpg,sugarpalm
1559.jpg,durian
1413.jpg,snakefruit
2524.jpg,whitepepper
3695.jpg,jackfruit
519.jpg,passiflora
673.jpg,coffeearabica
373.jpg,lychee
2273.jpg,waterguava
4133.jpg,suweg
2365.jpg,sugarpalm
3728.jpg,nilam
3963.jpg,snakefruit
2090.jpg,papaya
1644.jpg,starfruit
2452.jpg,jackfruit
1818.jpg,guava
3680.jpg,durian
4045.jpg,guava
3276.jpg,durian
1890.jpg,mango
3626.jpg,taro
2253.jpg,jackfruit
3087.jpg,durian
86.jpg,cacao
713.jpg,vanilla
2931.jpg,cinnamon
2521.jpg,mangosteen
3241.jpg,dragonfruit
461.jpg,durian
1545.jpg,mango
3302.jpg,passiflora
4357.jpg,dragonfruit
4020.jpg,papaya
2102.jpg,waterguava
2766.jpg,banana
1842.jpg,jackfruit
3289.jpg,taro
427.jpg,vanilla
534.jpg,mangosteen
2888.jpg,dragonfruit
617.jpg,cacao
591.jpg,guava
2895.jpg,waterguava
3470.jpg,cacao
451.jpg,taro
4296.jpg,cacao
2740.jpg,sawo
850.jpg,starfruit
2667.jpg,jackfruit
2446.jpg,cinnamon
4275.jpg,waterguava
3681.jpg,nilam
983.jpg,whitepepper
1068.jpg,jackfruit
1716.jpg,dragonfruit
522.jpg,frangipani
3227.jpg,cacao
1539.jpg,guava
4292.jpg,snakefruit
2519.jpg,durian
2516.jpg,lychee
2182.jpg,taro
619.jpg,passiflora
2872.jpg,bamboo
3063.jpg,jackfruit
2620.jpg,bamboo
3780.jpg,sawo
2264.jpg,jackfruit
4338.jpg,waterguava
4029.jpg,durian
2017.jpg,nilam
1432.jpg,passiflora
51.jpg,dragonfruit
3402.jpg,whitepepper
1994.jpg,coffeearabica
23.jpg,sugarpalm
4001.jpg,vanilla
4097.jpg,dragonfruit
2208.jpg,cinnamon
4078.jpg,whitepepper
3930.jpg,banana
3232.jpg,mangosteen
1713.jpg,passiflora
4491.jpg,durian
147.jpg,nilam
1274.jpg,starfruit
3902.jpg,mangosteen
2020.jpg,mangosteen
408.jpg,starfruit
2222.jpg,mangosteen
593.jpg,banana
871.jpg,suweg
3954.jpg,starfruit
3460.jpg,banana
222.jpg,guava
2641.jpg,dragonfruit
3700.jpg,durian
1762.jpg,dragonfruit
2961.jpg,starfruit
1288.jpg,sawo
3885.jpg,whitepepper
860.jpg,coffeearabica
3436.jpg,dragonfruit
1695.jpg,waterguava
4531.jpg,mangosteen
3028.jpg,durian
2732.jpg,cacao
405.jpg,snakefruit
4351.jpg,papaya
743.jpg,durian
986.jpg,bamboo
1351.jpg,sugarpalm
2554.jpg,dragonfruit
163.jpg,nilam
1496.jpg,jackfruit
3116.jpg,passiflora
1439.jpg,whitepepper
3726.jpg,dragonfruit
2376.jpg,zodia
3319.jpg,mangosteen
3274.jpg,vanilla
300.jpg,nilam
1280.jpg,waterguava
4452.jpg,snakefruit
4281.jpg,cinnamon
2907.jpg,sawo
765.jpg,suweg
3017.jpg,frangipani
3109.jpg,guava
1522.jpg,taro
1112.jpg,mango
2170.jpg,suweg
398.jpg,passiflora
3399.jpg,snakefruit
1689.jpg,vanilla
4550.jpg,papaya
2897.jpg,mangosteen
4371.jpg,durian
3287.jpg,lychee
3412.jpg,taro
3827.jpg,vanilla
2835.jpg,durian
4556.jpg,jackfruit
2352.jpg,frangipani
1751.jpg,banana
2808.jpg,jackfruit
4188.jpg,cacao
1598.jpg,jackfruit
155.jpg,cacao
4609.jpg,lychee
2480.jpg,waterguava
4365.jpg,waterguava
2639.jpg,jackfruit
1932.jpg,banana
4254.jpg,papaya
3439.jpg,snakefruit
1699.jpg,bamboo
4319.jpg,frangipani
2776.jpg,papaya
3392.jpg,suweg
94.jpg,guava
3893.jpg,suweg
93.jpg,sugarpalm
3918.jpg,cacao
646.jpg,bamboo
3708.jpg,papaya
2214.jpg,banana
3179.jpg,durian
1108.jpg,starfruit
538.jpg,jackfruit
3725.jpg,passiflora
83.jpg,vanilla
4390.jpg,zodia
3672.jpg,durian
706.jpg,sugarpalm
318.jpg,mangosteen
2715.jpg,nilam
4345.jpg,jackfruit
2704.jpg,cacao
4138.jpg,dragonfruit
2210.jpg,papaya
3128.jpg,mango
1039.jpg,cinnamon
621.jpg,nilam
1398.jpg,banana
325.jpg,durian
3068.jpg,jackfruit
1552.jpg,bamboo
3386.jpg,starfruit
554.jpg,dragonfruit
1247.jpg,starfruit
802.jpg,jackfruit
3585.jpg,papaya
146.jpg,guava
3964.jpg,taro
3948.jpg,frangipani
800.jpg,dragonfruit
2219.jpg,mangosteen
3686.jpg,nilam
1723.jpg,sawo
505.jpg,starfruit
3846.jpg,papaya
4282.jpg,jackfruit
1585.jpg,sugarpalm
4146.jpg,banana
3794.jpg,banana
524.jpg,snakefruit
4009.jpg,taro
3714.jpg,lychee
2404.jpg,bamboo
3074.jpg,nilam
837.jpg,mango
819.jpg,taro
1770.jpg,vanilla
2958.jpg,whitepepper
1211.jpg,jackfruit
4317.jpg,vanilla
3416.jpg,sawo
1833.jpg,starfruit
3160.jpg,taro
33.jpg,starfruit
243.jpg,bamboo
2624.jpg,taro
4121.jpg,papaya
4560.jpg,lychee
4475.jpg,banana
4316.jpg,dragonfruit
3495.jpg,suweg
1076.jpg,durian
3186.jpg,durian
3328.jpg,lychee
1931.jpg,durian
3508.jpg,papaya
2784.jpg,cacao
2739.jpg,dragonfruit
1729.jpg,cacao
2596.jpg,dragonfruit
1549.jpg,jackfruit
4392.jpg,sugarpalm
4229.jpg,sawo
214.jpg,suweg
3990.jpg,lychee
2751.jpg,cacao
945.jpg,starfruit
2782.jpg,dragonfruit
3112.jpg,whitepepper
4227.jpg,mango
3271.jpg,banana
3598.jpg,sugarpalm
779.jpg,papaya
3748.jpg,mangosteen
3747.jpg,cinnamon
540.jpg,jackfruit
3642.jpg,lychee
4028.jpg,taro
116.jpg,waterguava
1320.jpg,suweg
4386.jpg,coffeearabica
3012.jpg,dragonfruit
64.jpg,mangosteen
4279.jpg,frangipani
4067.jpg,mango
2498.jpg,cacao
57.jpg,mangosteen
4050.jpg,durian
4004.jpg,vanilla
18.jpg,mangosteen
2656.jpg,sawo
4056.jpg,jackfruit
2433.jpg,taro
1823.jpg,vanilla
2939.jpg,taro
3864.jpg,nilam
1030.jpg,whitepepper
490.jpg,frangipani
1584.jpg,sawo
4107.jpg,vanilla
2012.jpg,durian
3682.jpg,starfruit
970.jpg,vanilla
859.jpg,vanilla
2138.jpg,zodia
1217.jpg,snakefruit
2898.jpg,dragonfruit
1678.jpg,vanilla
2564.jpg,jackfruit
1038.jpg,vanilla
4002.jpg,jackfruit
3086.jpg,lychee
1863.jpg,papaya
1210.jpg,durian
510.jpg,guava
4567.jpg,vanilla
4473.jpg,suweg
4153.jpg,nilam
1468.jpg,suweg
352.jpg,waterguava
2841.jpg,waterguava
3046.jpg,papaya
2549.jpg,zodia
3751.jpg,snakefruit
4502.jpg,cacao
1084.jpg,guava
3929.jpg,jackfruit
3184.jpg,bamboo
4578.jpg,suweg
4101.jpg,vanilla
98.jpg,bamboo
3488.jpg,cacao
49.jpg,nilam
4015.jpg,bamboo
2560.jpg,banana
4362.jpg,vanilla
2699.jpg,papaya
1968.jpg,zodia
3759.jpg,starfruit
1597.jpg,starfruit
430.jpg,zodia
3115.jpg,zodia
2075.jpg,cinnamon
4277.jpg,bamboo
3174.jpg,starfruit
1071.jpg,starfruit
4508.jpg,waterguava
2544.jpg,bamboo
2270.jpg,cinnamon
961.jpg,banana
3712.jpg,banana
4416.jpg,coffeearabica
3640.jpg,papaya
2450.jpg,mangosteen
2896.jpg,waterguava
3744.jpg,durian
4243.jpg,guava
1273.jpg,waterguava
2893.jpg,frangipani
3551.jpg,dragonfruit
3649.jpg,bamboo
2284.jpg,papaya
3661.jpg,vanilla
825.jpg,cacao
1832.jpg,cacao
1194.jpg,durian
2125.jpg,vanilla
4239.jpg,papaya
303.jpg,passiflora
1396.jpg,jackfruit
2288.jpg,mangosteen
3151.jpg,mangosteen
3892.jpg,waterguava
1937.jpg,passiflora
1652.jpg,jackfruit
1010.jpg,banana
78.jpg,bamboo
1118.jpg,mangosteen
4503.jpg,dragonfruit
2761.jpg,banana
2568.jpg,starfruit
2886.jpg,waterguava
2135.jpg,bamboo
1271.jpg,snakefruit
3316.jpg,guava
160.jpg,guava
2293.jpg,mango
3894.jpg,mangosteen
2582.jpg,starfruit
4577.jpg,jackfruit
209.jpg,jackfruit
3604.jpg,suweg
3977.jpg,passiflora
659.jpg,passiflora
2714.jpg,jackfruit
455.jpg,taro
4332.jpg,bamboo
3669.jpg,zodia
2073.jpg,mangosteen
2943.jpg,waterguava
4323.jpg,waterguava
3479.jpg,coffeearabica
4587.jpg,suweg
1350.jpg,zodia
440.jpg,lychee
69.jpg,sawo
3020.jpg,coffeearabica
2202.jpg,passiflora
4010.jpg,coffeearabica
134.jpg,nilam
814.jpg,papaya
3384.jpg,suweg
1779.jpg,guava
1426.jpg,passiflora
4303.jpg,lychee
3593.jpg,dragonfruit
244.jpg,frangipani
3487.jpg,dragonfruit
2427.jpg,durian
1354.jpg,banana
178.jpg,passiflora
532.jpg,durian
305.jpg,starfruit
3687.jpg,passiflora
62.jpg,taro
4388.jpg,mango
2403.jpg,bamboo
3188.jpg,vanilla
1.jpg,cacao
2818.jpg,durian
692.jpg,cacao
3979.jpg,zodia
3982.jpg,sugarpalm
973.jpg,banana
1930.jpg,suweg
2530.jpg,cacao
1330.jpg,cinnamon
1036.jpg,passiflora
3842.jpg,whitepepper
4406.jpg,mangosteen
3690.jpg,whitepepper
1553.jpg,cinnamon
2324.jpg,guava
3350.jpg,waterguava
903.jpg,sugarpalm
4510.jpg,jackfruit
2263.jpg,jackfruit
3237.jpg,guava
3644.jpg,sugarpalm
96.jpg,jackfruit
3208.jpg,jackfruit
3653.jpg,papaya
1370.jpg,bamboo
1391.jpg,whitepepper
1999.jpg,sawo
1256.jpg,jackfruit
3067.jpg,jackfruit
3118.jpg,starfruit
4164.jpg,guava
1077.jpg,nilam
550.jpg,mango
4174.jpg,zodia
669.jpg,whitepepper
411.jpg,cacao
1806.jpg,durian
2077.jpg,guava
2189.jpg,guava
4439.jpg,jackfruit
1366.jpg,coffeearabica
656.jpg,taro
3968.jpg,durian
2052.jpg,papaya
3060.jpg,frangipani
3071.jpg,guava
3167.jpg,frangipani
1936.jpg,cacao
4145.jpg,vanilla
3609.jpg,coffeearabica
1912.jpg,zodia
385.jpg,sugarpalm
641.jpg,guava
473.jpg,cinnamon
4519.jpg,banana
3953.jpg,frangipani
2157.jpg,durian
239.jpg,zodia
4387.jpg,vanilla
838.jpg,waterguava
368.jpg,jackfruit
1200.jpg,waterguava
1562.jpg,cacao
2753.jpg,durian
2070.jpg,suweg
1160.jpg,dragonfruit
1013.jpg,whitepepper
2811.jpg,dragonfruit
3357.jpg,nilam
2587.jpg,zodia
3377.jpg,banana
106.jpg,sugarpalm
2617.jpg,dragonfruit
2258.jpg,whitepepper
2086.jpg,waterguava
2097.jpg,cacao
677.jpg,passiflora
803.jpg,bamboo
4017.jpg,bamboo
1656.jpg,zodia
470.jpg,banana
259.jpg,dragonfruit
1861.jpg,passiflora
2919.jpg,mangosteen
346.jpg,guava
1849.jpg,banana
723.jpg,papaya
2654.jpg,bamboo
2045.jpg,zodia
3079.jpg,suweg
2426.jpg,waterguava
2869.jpg,taro
1802.jpg,cacao
4306.jpg,dragonfruit
3182.jpg,cinnamon
3763.jpg,suweg
7.jpg,jackfruit
1113.jpg,waterguava
281.jpg,taro
460.jpg,cacao
3406.jpg,cinnamon
1275.jpg,mangosteen
1870.jpg,mangosteen
4423.jpg,starfruit
3646.jpg,starfruit
1726.jpg,cinnamon
1574.jpg,lychee
987.jpg,jackfruit
4246.jpg,passiflora
2513.jpg,nilam
1835.jpg,durian
3752.jpg,suweg
145.jpg,cinnamon
3679.jpg,sawo
1725.jpg,whitepepper
4167.jpg,mangosteen
4427.jpg,starfruit
1683.jpg,sugarpalm
3343.jpg,lychee
790.jpg,sugarpalm
1568.jpg,mango
2702.jpg,mangosteen
3713.jpg,dragonfruit
1628.jpg,sawo
2694.jpg,cinnamon
2179.jpg,bamboo
2706.jpg,nilam
1640.jpg,zodia
4536.jpg,zodia
4465.jpg,cacao
3699.jpg,durian
521.jpg,nilam
3290.jpg,sugarpalm
4398.jpg,durian
2340.jpg,dragonfruit
1352.jpg,frangipani
432.jpg,coffeearabica
1209.jpg,mango
792.jpg,cinnamon
3625.jpg,durian
1453.jpg,durian
3137.jpg,sawo
2036.jpg,starfruit
2441.jpg,snakefruit
270.jpg,cinnamon
2912.jpg,durian
824.jpg,mangosteen
2846.jpg,coffeearabica
4047.jpg,coffeearabica
730.jpg,dragonfruit
1465.jpg,dragonfruit
292.jpg,banana
3389.jpg,coffeearabica
457.jpg,waterguava
3447.jpg,lychee
3518.jpg,starfruit
2904.jpg,vanilla
3909.jpg,durian
2636.jpg,vanilla
345.jpg,nilam
235.jpg,waterguava
1197.jpg,waterguava
3003.jpg,sawo
3485.jpg,nilam
2977.jpg,sawo
1124.jpg,coffeearabica
25.jpg,dragonfruit
4551.jpg,papaya
376.jpg,frangipani
682.jpg,papaya
1278.jpg,snakefruit
2363.jpg,coffeearabica
3588.jpg,durian
349.jpg,sawo
710.jpg,waterguava
3437.jpg,sawo
3035.jpg,taro
3476.jpg,passiflora
750.jpg,frangipani
552.jpg,jackfruit
4514.jpg,lychee
9.jpg,vanilla
797.jpg,durian
2801.jpg,waterguava
1817.jpg,mangosteen
3613.jpg,coffeearabica
3829.jpg,cinnamon
4162.jpg,sugarpalm
878.jpg,jackfruit
2192.jpg,dragonfruit
186.jpg,bamboo
1530.jpg,nilam
1193.jpg,suweg
3862.jpg,frangipani
12.jpg,lychee
165.jpg,guava
3107.jpg,bamboo
768.jpg,frangipani
2054.jpg,cacao
3091.jpg,taro
1955.jpg,mangosteen
1097.jpg,passiflora
4372.jpg,lychee
3583.jpg,frangipani
3240.jpg,jackfruit
2083.jpg,sawo
2252.jpg,zodia
642.jpg,zodia
2358.jpg,passiflora
3984.jpg,starfruit
2197.jpg,cacao
2922.jpg,zodia
434.jpg,waterguava
1680.jpg,dragonfruit
1296.jpg,guava
4527.jpg,guava
1690.jpg,frangipani
40.jpg,mangosteen
1249.jpg,vanilla
2825.jpg,sugarpalm
1829.jpg,sugarpalm
2622.jpg,mangosteen
2132.jpg,cinnamon
1722.jpg,waterguava
3519.jpg,cinnamon
719.jpg,suweg
1059.jpg,suweg
1769.jpg,dragonfruit
3980.jpg,suweg
3278.jpg,cacao
764.jpg,vanilla
1813.jpg,dragonfruit
135.jpg,coffeearabica
2137.jpg,banana
223.jpg,nilam
404.jpg,taro
2331.jpg,durian
1236.jpg,guava
2749.jpg,taro
2930.jpg,dragonfruit
2500.jpg,cinnamon
4044.jpg,dragonfruit
1487.jpg,cinnamon
3057.jpg,passiflora
3809.jpg,jackfruit
2261.jpg,dragonfruit
4413.jpg,bamboo
1891.jpg,waterguava
2246.jpg,guava
478.jpg,bamboo
386.jpg,frangipani
2838.jpg,lychee
42.jpg,guava
2423.jpg,mangosteen
664.jpg,cacao
2232.jpg,cacao
2275.jpg,taro
2243.jpg,waterguava
2981.jpg,bamboo
2742.jpg,bamboo
2528.jpg,frangipani
4404.jpg,banana
4302.jpg,jackfruit
1052.jpg,mangosteen
3398.jpg,cacao
2255.jpg,starfruit
2957.jpg,durian
2234.jpg,dragonfruit
3814.jpg,sawo
2584.jpg,suweg
1037.jpg,lychee
2862.jpg,dragonfruit
2180.jpg,zodia
2577.jpg,mangosteen
3620.jpg,durian
3052.jpg,jackfruit
3921.jpg,guava
2390.jpg,whitepepper
2317.jpg,dragonfruit
950.jpg,durian
1062.jpg,zodia
965.jpg,frangipani
2472.jpg,papaya
662.jpg,cacao
4247.jpg,papaya
2533.jpg,nilam
3805.jpg,waterguava
3051.jpg,papaya
4498.jpg,cacao
1484.jpg,dragonfruit
2936.jpg,passiflora
1557.jpg,mango
170.jpg,cinnamon
3627.jpg,papaya
4547.jpg,nilam
920.jpg,coffeearabica
563.jpg,sugarpalm
705.jpg,nilam
3376.jpg,durian
383.jpg,whitepepper
3792.jpg,durian
566.jpg,papaya
4457.jpg,starfruit
3960.jpg,dragonfruit
2856.jpg,dragonfruit
3900.jpg,snakefruit
575.jpg,bamboo
2449.jpg,sugarpalm
3667.jpg,mango
2614.jpg,waterguava
4234.jpg,mangosteen
1349.jpg,jackfruit
2229.jpg,vanilla
1889.jpg,sawo
1261.jpg,passiflora
1793.jpg,coffeearabica
533.jpg,snakefruit
1191.jpg,whitepepper
4562.jpg,waterguava
2093.jpg,cacao
4466.jpg,papaya
1512.jpg,coffeearabica
110.jpg,durian
1138.jpg,papaya
751.jpg,dragonfruit
35.jpg,jackfruit
3534.jpg,dragonfruit
2532.jpg,bamboo
2795.jpg,durian
436.jpg,guava
1971.jpg,starfruit
4115.jpg,papaya
387.jpg,jackfruit
3825.jpg,zodia
2653.jpg,passiflora
1635.jpg,whitepepper
2171.jpg,frangipani
2865.jpg,durian
3066.jpg,starfruit
1091.jpg,guava
3456.jpg,bamboo
3969.jpg,jackfruit
943.jpg,guava
172.jpg,jackfruit
3099.jpg,jackfruit
3318.jpg,cinnamon
1455.jpg,passiflora
2687.jpg,dragonfruit
1260.jpg,banana
845.jpg,guava
964.jpg,jackfruit
2771.jpg,banana
2150.jpg,mango
4499.jpg,cinnamon
410.jpg,zodia
400.jpg,starfruit
4505.jpg,sawo
3841.jpg,waterguava
4420.jpg,snakefruit
3587.jpg,frangipani
2511.jpg,bamboo
3888.jpg,sugarpalm
296.jpg,taro
3987.jpg,sawo
885.jpg,nilam
652.jpg,waterguava
2187.jpg,zodia
2382.jpg,waterguava
3946.jpg,coffeearabica
487.jpg,sugarpalm
947.jpg,passiflora
616.jpg,cacao
316.jpg,snakefruit
2988.jpg,coffeearabica
3544.jpg,frangipani
260.jpg,durian
366.jpg,sawo
925.jpg,taro
1464.jpg,coffeearabica
2926.jpg,nilam
2583.jpg,sugarpalm
1992.jpg,guava
1724.jpg,durian
2375.jpg,dragonfruit
1230.jpg,nilam
2608.jpg,cacao
3869.jpg,vanilla
1033.jpg,snakefruit
3249.jpg,banana
3957.jpg,guava
2712.jpg,cinnamon
663.jpg,jackfruit
1120.jpg,dragonfruit
926.jpg,passiflora
1503.jpg,nilam
2822.jpg,papaya
3172.jpg,jackfruit
1677.jpg,frangipani
139.jpg,frangipani
79.jpg,whitepepper
4176.jpg,zodia
3986.jpg,mangosteen
2453.jpg,waterguava
3293.jpg,snakefruit
4370.jpg,dragonfruit
3758.jpg,vanilla
1720.jpg,papaya
2399.jpg,passiflora
200.jpg,banana
3735.jpg,jackfruit
1548.jpg,banana
1980.jpg,cinnamon
3896.jpg,frangipani
3790.jpg,taro
2935.jpg,mangosteen
712.jpg,cacao
3777.jpg,cacao
2970.jpg,bamboo
4245.jpg,durian
2658.jpg,lychee
2902.jpg,mangosteen
4605.jpg,vanilla
4617.jpg,waterguava
467.jpg,passiflora
439.jpg,starfruit
3190.jpg,whitepepper
509.jpg,sugarpalm
3863.jpg,sawo
2033.jpg,snakefruit
1639.jpg,banana
3395.jpg,cinnamon
2842.jpg,nilam
923.jpg,cacao
1524.jpg,waterguava
2305.jpg,bamboo
4076.jpg,waterguava
3832.jpg,sugarpalm
3503.jpg,guava
2256.jpg,papaya
2733.jpg,jackfruit
957.jpg,passiflora
2139.jpg,mango
1761.jpg,jackfruit
1310.jpg,cacao
1809.jpg,mangosteen
3168.jpg,coffeearabica
3408.jpg,jackfruit
3778.jpg,jackfruit
2948.jpg,vanilla
3124.jpg,dragonfruit
2605.jpg,waterguava
105.jpg,zodia
788.jpg,durian
2994.jpg,snakefruit
3936.jpg,whitepepper
59.jpg,sawo
246.jpg,starfruit
1375.jpg,banana
1109.jpg,waterguava
1154.jpg,nilam
330.jpg,coffeearabica
1410.jpg,mangosteen
3119.jpg,taro
2094.jpg,jackfruit
2601.jpg,mango
2205.jpg,sugarpalm
4237.jpg,vanilla
1798.jpg,bamboo
1377.jpg,durian
2121.jpg,passiflora
4434.jpg,sawo
4464.jpg,snakefruit
3927.jpg,zodia
936.jpg,zodia
1668.jpg,suweg
2509.jpg,bamboo
4161.jpg,zodia
3580.jpg,banana
4339.jpg,vanilla
2126.jpg,mangosteen
250.jpg,snakefruit
902.jpg,whitepepper
1534.jpg,durian
933.jpg,sugarpalm
4355.jpg,cacao
3320.jpg,lychee
1427.jpg,bamboo
4064.jpg,jackfruit
2993.jpg,nilam
1742.jpg,whitepepper
3201.jpg,starfruit
966.jpg,bamboo
3230.jpg,sugarpalm
2741.jpg,waterguava
3093.jpg,passiflora
4071.jpg,papaya
1765.jpg,taro
4350.jpg,zodia
3454.jpg,suweg
3025.jpg,guava
3993.jpg,dragonfruit
2148.jpg,passiflora
4208.jpg,cacao
3870.jpg,mango
799.jpg,banana
377.jpg,zodia
644.jpg,papaya
1646.jpg,jackfruit
2245.jpg,sugarpalm
2191.jpg,waterguava
3820.jpg,sugarpalm
1055.jpg,mangosteen
1014.jpg,cinnamon
449.jpg,whitepepper
2861.jpg,snakefruit
4572.jpg,banana
3469.jpg,jackfruit
694.jpg,starfruit
4436.jpg,nilam
1265.jpg,papaya
762.jpg,whitepepper
321.jpg,starfruit
4384.jpg,vanilla
2746.jpg,durian
4538.jpg,dragonfruit
953.jpg,durian
1856.jpg,jackfruit
2871.jpg,zodia
4344.jpg,waterguava
873.jpg,banana
4581.jpg,zodia
2613.jpg,dragonfruit
2355.jpg,durian
2964.jpg,jackfruit
4606.jpg,mango
2185.jpg,durian
4030.jpg,whitepepper
518.jpg,bamboo
265.jpg,durian
3285.jpg,lychee
3202.jpg,frangipani
3865.jpg,cacao
2465.jpg,coffeearabica
3414.jpg,papaya
864.jpg,whitepepper
407.jpg,nilam
2759.jpg,dragonfruit
2195.jpg,bamboo
3931.jpg,starfruit
3335.jpg,bamboo
3849.jpg,zodia
3366.jpg,durian
1509.jpg,starfruit
1093.jpg,vanilla
562.jpg,bamboo
4596.jpg,whitepepper
1949.jpg,passiflora
4088.jpg,snakefruit
2760.jpg,banana
2579.jpg,mango
2522.jpg,vanilla
4385.jpg,bamboo
1095.jpg,snakefruit
4426.jpg,sugarpalm
2541.jpg,coffeearabica
1319.jpg,mangosteen
3459.jpg,suweg
1871.jpg,taro
2921.jpg,sugarpalm
2200.jpg,whitepepper
4517.jpg,waterguava
4250.jpg,banana
3592.jpg,waterguava
3420.jpg,waterguava
4241.jpg,nilam
3736.jpg,sugarpalm
594.jpg,dragonfruit
63.jpg,mangosteen
3440.jpg,mangosteen
3282.jpg,waterguava
917.jpg,jackfruit
2027.jpg,jackfruit
397.jpg,banana
1570.jpg,banana
3905.jpg,taro
1207.jpg,mango
954.jpg,waterguava
2574.jpg,papaya
919.jpg,cinnamon
1844.jpg,guava
184.jpg,guava
1203.jpg,starfruit
911.jpg,taro
570.jpg,snakefruit
3774.jpg,sugarpalm
4124.jpg,passiflora
1682.jpg,banana
513.jpg,dragonfruit
578.jpg,bamboo
1922.jpg,sawo
2606.jpg,snakefruit
2517.jpg,snakefruit
1035.jpg,dragonfruit
1900.jpg,sugarpalm
2744.jpg,bamboo
3220.jpg,jackfruit
650.jpg,bamboo
3263.jpg,zodia
